Copyright 1986-2022 Xilinx, Inc. All Rights Reserved. Copyright 2022-2025 Advanced Micro Devices, Inc. All Rights Reserved.
---------------------------------------------------------------------------------------------------------------------------------------------------------------------------------------------------------------------------------------
| Tool Version : Vivado v.2025.1 (win64) Build 6140274 Thu May 22 00:12:29 MDT 2025
| Date         : Sat Dec  6 13:14:07 2025
| Host         : DESKTOP-7DCFGKU running 64-bit major release  (build 9200)
| Command      : report_timing_summary -max_paths 10 -routable_nets -report_unconstrained -file top_level_timing_summary_routed.rpt -pb top_level_timing_summary_routed.pb -rpx top_level_timing_summary_routed.rpx -warn_on_violation
| Design       : top_level
| Device       : 7a100t-csg324
| Speed File   : -1  PRODUCTION 1.23 2018-06-13
| Design State : Routed
---------------------------------------------------------------------------------------------------------------------------------------------------------------------------------------------------------------------------------------

Timing Summary Report

------------------------------------------------------------------------------------------------
| Timer Settings
| --------------
------------------------------------------------------------------------------------------------

  Enable Multi Corner Analysis               :  Yes
  Enable Pessimism Removal                   :  Yes
  Pessimism Removal Resolution               :  Nearest Common Node
  Enable Input Delay Default Clock           :  No
  Enable Preset / Clear Arcs                 :  No
  Disable Flight Delays                      :  No
  Ignore I/O Paths                           :  No
  Timing Early Launch at Borrowing Latches   :  No
  Borrow Time for Max Delay Exceptions       :  Yes
  Merge Timing Exceptions                    :  Yes
  Inter-SLR Compensation                     :  Conservative

  Corner  Analyze    Analyze    
  Name    Max Paths  Min Paths  
  ------  ---------  ---------  
  Slow    Yes        Yes        
  Fast    Yes        Yes        


------------------------------------------------------------------------------------------------
| Report Methodology
| ------------------
------------------------------------------------------------------------------------------------

Rule       Severity  Description                                 Violations  
---------  --------  ------------------------------------------  ----------  
DPIR-1     Warning   Asynchronous driver check                   11          
SYNTH-6    Warning   Timing of a RAM block might be sub-optimal  4           
TIMING-16  Warning   Large setup violation                       9           
TIMING-18  Warning   Missing input or output delay               37          

Note: This report is based on the most recent report_methodology run and may not be up-to-date. Run report_methodology on the current design for the latest report.



check_timing report

Table of Contents
-----------------
1. checking no_clock (0)
2. checking constant_clock (0)
3. checking pulse_width_clock (0)
4. checking unconstrained_internal_endpoints (0)
5. checking no_input_delay (4)
6. checking no_output_delay (33)
7. checking multiple_clock (0)
8. checking generated_clocks (0)
9. checking loops (0)
10. checking partial_input_delay (0)
11. checking partial_output_delay (0)
12. checking latch_loops (0)

1. checking no_clock (0)
------------------------
 There are 0 register/latch pins with no clock.


2. checking constant_clock (0)
------------------------------
 There are 0 register/latch pins with constant_clock.


3. checking pulse_width_clock (0)
---------------------------------
 There are 0 register/latch pins which need pulse_width check


4. checking unconstrained_internal_endpoints (0)
------------------------------------------------
 There are 0 pins that are not constrained for maximum delay.

 There are 0 pins that are not constrained for maximum delay due to constant clock.


5. checking no_input_delay (4)
------------------------------
 There are 4 input ports with no input delay specified. (HIGH)

 There are 0 input ports with no input delay but user has a false path constraint.


6. checking no_output_delay (33)
--------------------------------
 There are 33 ports with no output delay specified. (HIGH)

 There are 0 ports with no output delay but user has a false path constraint

 There are 0 ports with no output delay but with a timing clock defined on it or propagating through it


7. checking multiple_clock (0)
------------------------------
 There are 0 register/latch pins with multiple clocks.


8. checking generated_clocks (0)
--------------------------------
 There are 0 generated clocks that are not connected to a clock source.


9. checking loops (0)
---------------------
 There are 0 combinational loops in the design.


10. checking partial_input_delay (0)
------------------------------------
 There are 0 input ports with partial input delay specified.


11. checking partial_output_delay (0)
-------------------------------------
 There are 0 ports with partial output delay specified.


12. checking latch_loops (0)
----------------------------
 There are 0 combinational latch loops in the design through latch input



------------------------------------------------------------------------------------------------
| Design Timing Summary
| ---------------------
------------------------------------------------------------------------------------------------

    WNS(ns)      TNS(ns)  TNS Failing Endpoints  TNS Total Endpoints      WHS(ns)      THS(ns)  THS Failing Endpoints  THS Total Endpoints     WPWS(ns)     TPWS(ns)  TPWS Failing Endpoints  TPWS Total Endpoints  
    -------      -------  ---------------------  -------------------      -------      -------  ---------------------  -------------------     --------     --------  ----------------------  --------------------  
    -20.979      -90.571                     18                 1089        0.062        0.000                      0                 1089        4.500        0.000                       0                   464  


Timing constraints are not met.


------------------------------------------------------------------------------------------------
| Clock Summary
| -------------
------------------------------------------------------------------------------------------------

Clock        Waveform(ns)       Period(ns)      Frequency(MHz)
-----        ------------       ----------      --------------
sys_clk_pin  {0.000 5.000}      10.000          100.000         


------------------------------------------------------------------------------------------------
| Intra Clock Table
| -----------------
------------------------------------------------------------------------------------------------

Clock             WNS(ns)      TNS(ns)  TNS Failing Endpoints  TNS Total Endpoints      WHS(ns)      THS(ns)  THS Failing Endpoints  THS Total Endpoints     WPWS(ns)     TPWS(ns)  TPWS Failing Endpoints  TPWS Total Endpoints  
-----             -------      -------  ---------------------  -------------------      -------      -------  ---------------------  -------------------     --------     --------  ----------------------  --------------------  
sys_clk_pin       -20.979      -90.571                     18                 1089        0.062        0.000                      0                 1089        4.500        0.000                       0                   464  


------------------------------------------------------------------------------------------------
| Inter Clock Table
| -----------------
------------------------------------------------------------------------------------------------

From Clock    To Clock          WNS(ns)      TNS(ns)  TNS Failing Endpoints  TNS Total Endpoints      WHS(ns)      THS(ns)  THS Failing Endpoints  THS Total Endpoints  
----------    --------          -------      -------  ---------------------  -------------------      -------      -------  ---------------------  -------------------  


------------------------------------------------------------------------------------------------
| Other Path Groups Table
| -----------------------
------------------------------------------------------------------------------------------------

Path Group    From Clock    To Clock          WNS(ns)      TNS(ns)  TNS Failing Endpoints  TNS Total Endpoints      WHS(ns)      THS(ns)  THS Failing Endpoints  THS Total Endpoints  
----------    ----------    --------          -------      -------  ---------------------  -------------------      -------      -------  ---------------------  -------------------  


------------------------------------------------------------------------------------------------
| User Ignored Path Table
| -----------------------
------------------------------------------------------------------------------------------------

Path Group    From Clock    To Clock    
----------    ----------    --------    


------------------------------------------------------------------------------------------------
| Unconstrained Path Table
| ------------------------
------------------------------------------------------------------------------------------------

Path Group    From Clock    To Clock    
----------    ----------    --------    
(none)        sys_clk_pin                 
(none)                      sys_clk_pin   


------------------------------------------------------------------------------------------------
| Timing Details
| --------------
------------------------------------------------------------------------------------------------


---------------------------------------------------------------------------------------------------
From Clock:  sys_clk_pin
  To Clock:  sys_clk_pin

Setup :           18  Failing Endpoints,  Worst Slack      -20.979ns,  Total Violation      -90.571ns
Hold  :            0  Failing Endpoints,  Worst Slack        0.062ns,  Total Violation        0.000ns
PW    :            0  Failing Endpoints,  Worst Slack        4.500ns,  Total Violation        0.000ns
---------------------------------------------------------------------------------------------------


Max Delay Paths
--------------------------------------------------------------------------------------
Slack (VIOLATED) :        -20.979ns  (required time - arrival time)
  Source:                 PMOD_HYGRO_I/aa/temperature_reg[8]/C
                            (rising edge-triggered cell FDCE clocked by sys_clk_pin  {rise@0.000ns fall@5.000ns period=10.000ns})
  Destination:            WRITE_CONTROL_I/NUMBER_reg[1]/D
                            (rising edge-triggered cell FDRE clocked by sys_clk_pin  {rise@0.000ns fall@5.000ns period=10.000ns})
  Path Group:             sys_clk_pin
  Path Type:              Setup (Max at Slow Process Corner)
  Requirement:            10.000ns  (sys_clk_pin rise@10.000ns - sys_clk_pin rise@0.000ns)
  Data Path Delay:        30.960ns  (logic 16.476ns (53.218%)  route 14.484ns (46.782%))
  Logic Levels:           41  (CARRY4=25 DSP48E1=1 LUT2=1 LUT3=3 LUT5=3 LUT6=8)
  Clock Path Skew:        -0.016ns (DCD - SCD + CPR)
    Destination Clock Delay (DCD):    4.942ns = ( 14.942 - 10.000 ) 
    Source Clock Delay      (SCD):    5.235ns
    Clock Pessimism Removal (CPR):    0.277ns
  Clock Uncertainty:      0.035ns  ((TSJ^2 + TIJ^2)^1/2 + DJ) / 2 + PE
    Total System Jitter     (TSJ):    0.071ns
    Total Input Jitter      (TIJ):    0.000ns
    Discrete Jitter          (DJ):    0.000ns
    Phase Error              (PE):    0.000ns

    Location             Delay type                Incr(ns)  Path(ns)    Netlist Resource(s)
  -------------------------------------------------------------------    -------------------
                         (clock sys_clk_pin rise edge)
                                                      0.000     0.000 r  
    E3                                                0.000     0.000 r  clk (IN)
                         net (fo=0)                   0.000     0.000    clk
    E3                   IBUF (Prop_ibuf_I_O)         1.482     1.482 r  clk_IBUF_inst/O
                         net (fo=1, routed)           2.025     3.506    clk_IBUF
    BUFGCTRL_X0Y16       BUFG (Prop_bufg_I_O)         0.096     3.602 r  clk_IBUF_BUFG_inst/O
                         net (fo=463, routed)         1.632     5.235    PMOD_HYGRO_I/aa/clk_IBUF_BUFG
    SLICE_X13Y78         FDCE                                         r  PMOD_HYGRO_I/aa/temperature_reg[8]/C
  -------------------------------------------------------------------    -------------------
    SLICE_X13Y78         FDCE (Prop_fdce_C_Q)         0.456     5.691 r  PMOD_HYGRO_I/aa/temperature_reg[8]/Q
                         net (fo=1, routed)           0.402     6.093    WRITE_CONTROL_I/Q[8]
    DSP48_X0Y30          DSP48E1 (Prop_dsp48e1_A[8]_P[16])
                                                      3.841     9.934 r  WRITE_CONTROL_I/TEMP_INT1/P[16]
                         net (fo=156, routed)         0.932    10.866    WRITE_CONTROL_I/TEMP_INT1_n_89
    SLICE_X12Y79         LUT3 (Prop_lut3_I0_O)        0.124    10.990 f  WRITE_CONTROL_I/NUMBER[0]_i_46/O
                         net (fo=70, routed)          0.775    11.765    WRITE_CONTROL_I/NUMBER[0]_i_46_n_0
    SLICE_X13Y79         LUT5 (Prop_lut5_I3_O)        0.124    11.889 r  WRITE_CONTROL_I/NUMBER[0]_i_260/O
                         net (fo=37, routed)          1.035    12.924    WRITE_CONTROL_I/NUMBER[0]_i_260_n_0
    SLICE_X11Y75         LUT3 (Prop_lut3_I0_O)        0.124    13.048 r  WRITE_CONTROL_I/NUMBER[0]_i_1051/O
                         net (fo=1, routed)           0.000    13.048    WRITE_CONTROL_I/NUMBER[0]_i_1051_n_0
    SLICE_X11Y75         CARRY4 (Prop_carry4_S[1]_CO[3])
                                                      0.550    13.598 r  WRITE_CONTROL_I/NUMBER_reg[0]_i_834/CO[3]
                         net (fo=1, routed)           0.000    13.598    WRITE_CONTROL_I/NUMBER_reg[0]_i_834_n_0
    SLICE_X11Y76         CARRY4 (Prop_carry4_CI_CO[0])
                                                      0.271    13.869 r  WRITE_CONTROL_I/NUMBER_reg[0]_i_529/CO[0]
                         net (fo=39, routed)          0.658    14.528    WRITE_CONTROL_I/NUMBER_reg[0]_i_529_n_3
    SLICE_X14Y76         CARRY4 (Prop_carry4_CYINIT_CO[3])
                                                      0.844    15.372 r  WRITE_CONTROL_I/NUMBER_reg[0]_i_798/CO[3]
                         net (fo=6, routed)           0.815    16.187    WRITE_CONTROL_I/NUMBER_reg[0]_i_798_n_0
    SLICE_X14Y80         CARRY4 (Prop_carry4_CYINIT_CO[2])
                                                      0.608    16.795 r  WRITE_CONTROL_I/NUMBER_reg[0]_i_799/CO[2]
                         net (fo=22, routed)          1.019    17.813    WRITE_CONTROL_I/NUMBER_reg[0]_i_799_n_1
    SLICE_X8Y78          LUT5 (Prop_lut5_I4_O)        0.310    18.123 r  WRITE_CONTROL_I/NUMBER[3]_i_28/O
                         net (fo=1, routed)           0.000    18.123    WRITE_CONTROL_I/NUMBER[3]_i_28_n_0
    SLICE_X8Y78          CARRY4 (Prop_carry4_S[0]_CO[3])
                                                      0.513    18.636 r  WRITE_CONTROL_I/NUMBER_reg[3]_i_21/CO[3]
                         net (fo=1, routed)           0.000    18.636    WRITE_CONTROL_I/NUMBER_reg[3]_i_21_n_0
    SLICE_X8Y79          CARRY4 (Prop_carry4_CI_O[3])
                                                      0.315    18.951 r  WRITE_CONTROL_I/NUMBER_reg[0]_i_1153/O[3]
                         net (fo=4, routed)           0.779    19.730    WRITE_CONTROL_I/NUMBER_reg[0]_i_1153_n_4
    SLICE_X12Y78         LUT6 (Prop_lut6_I0_O)        0.307    20.037 r  WRITE_CONTROL_I/NUMBER[0]_i_991/O
                         net (fo=2, routed)           0.663    20.700    WRITE_CONTROL_I/NUMBER[0]_i_991_n_0
    SLICE_X10Y81         LUT6 (Prop_lut6_I0_O)        0.124    20.824 r  WRITE_CONTROL_I/NUMBER[0]_i_995/O
                         net (fo=1, routed)           0.000    20.824    WRITE_CONTROL_I/NUMBER[0]_i_995_n_0
    SLICE_X10Y81         CARRY4 (Prop_carry4_S[3]_CO[3])
                                                      0.376    21.200 r  WRITE_CONTROL_I/NUMBER_reg[0]_i_762/CO[3]
                         net (fo=1, routed)           0.000    21.200    WRITE_CONTROL_I/NUMBER_reg[0]_i_762_n_0
    SLICE_X10Y82         CARRY4 (Prop_carry4_CI_O[1])
                                                      0.323    21.523 r  WRITE_CONTROL_I/NUMBER_reg[0]_i_463/O[1]
                         net (fo=9, routed)           0.643    22.166    WRITE_CONTROL_I/NUMBER_reg[0]_i_463_n_6
    SLICE_X9Y82          LUT2 (Prop_lut2_I1_O)        0.306    22.472 r  WRITE_CONTROL_I/NUMBER[0]_i_758/O
                         net (fo=1, routed)           0.000    22.472    WRITE_CONTROL_I/NUMBER[0]_i_758_n_0
    SLICE_X9Y82          CARRY4 (Prop_carry4_S[3]_CO[3])
                                                      0.401    22.873 r  WRITE_CONTROL_I/NUMBER_reg[0]_i_458/CO[3]
                         net (fo=1, routed)           0.000    22.873    WRITE_CONTROL_I/NUMBER_reg[0]_i_458_n_0
    SLICE_X9Y83          CARRY4 (Prop_carry4_CI_O[2])
                                                      0.239    23.112 r  WRITE_CONTROL_I/NUMBER_reg[0]_i_290/O[2]
                         net (fo=3, routed)           0.682    23.794    WRITE_CONTROL_I/NUMBER_reg[0]_i_290_n_5
    SLICE_X5Y83          LUT6 (Prop_lut6_I5_O)        0.302    24.096 r  WRITE_CONTROL_I/NUMBER[0]_i_480/O
                         net (fo=1, routed)           0.472    24.568    WRITE_CONTROL_I/NUMBER[0]_i_480_n_0
    SLICE_X7Y82          CARRY4 (Prop_carry4_DI[3]_CO[3])
                                                      0.385    24.953 r  WRITE_CONTROL_I/NUMBER_reg[0]_i_300/CO[3]
                         net (fo=1, routed)           0.000    24.953    WRITE_CONTROL_I/NUMBER_reg[0]_i_300_n_0
    SLICE_X7Y83          CARRY4 (Prop_carry4_CI_CO[3])
                                                      0.114    25.067 r  WRITE_CONTROL_I/NUMBER_reg[0]_i_172/CO[3]
                         net (fo=1, routed)           0.000    25.067    WRITE_CONTROL_I/NUMBER_reg[0]_i_172_n_0
    SLICE_X7Y84          CARRY4 (Prop_carry4_CI_CO[0])
                                                      0.271    25.338 r  WRITE_CONTROL_I/NUMBER_reg[0]_i_104/CO[0]
                         net (fo=52, routed)          0.738    26.076    WRITE_CONTROL_I/NUMBER_reg[0]_i_104_n_3
    SLICE_X4Y83          LUT5 (Prop_lut5_I2_O)        0.373    26.449 r  WRITE_CONTROL_I/NUMBER[0]_i_52/O
                         net (fo=11, routed)          0.456    26.904    WRITE_CONTROL_I/p_0_in0_out[1]
    SLICE_X6Y83          LUT6 (Prop_lut6_I0_O)        0.124    27.028 r  WRITE_CONTROL_I/NUMBER[0]_i_1073/O
                         net (fo=2, routed)           0.629    27.657    WRITE_CONTROL_I/NUMBER[0]_i_1073_n_0
    SLICE_X6Y85          CARRY4 (Prop_carry4_DI[1]_CO[3])
                                                      0.520    28.177 r  WRITE_CONTROL_I/NUMBER_reg[0]_i_1267/CO[3]
                         net (fo=1, routed)           0.000    28.177    WRITE_CONTROL_I/NUMBER_reg[0]_i_1267_n_0
    SLICE_X6Y86          CARRY4 (Prop_carry4_CI_CO[3])
                                                      0.117    28.294 r  WRITE_CONTROL_I/NUMBER_reg[0]_i_1202/CO[3]
                         net (fo=1, routed)           0.000    28.294    WRITE_CONTROL_I/NUMBER_reg[0]_i_1202_n_0
    SLICE_X6Y87          CARRY4 (Prop_carry4_CI_CO[3])
                                                      0.117    28.411 r  WRITE_CONTROL_I/NUMBER_reg[0]_i_1066/CO[3]
                         net (fo=1, routed)           0.000    28.411    WRITE_CONTROL_I/NUMBER_reg[0]_i_1066_n_0
    SLICE_X6Y88          CARRY4 (Prop_carry4_CI_CO[3])
                                                      0.117    28.528 r  WRITE_CONTROL_I/NUMBER_reg[0]_i_849/CO[3]
                         net (fo=1, routed)           0.000    28.528    WRITE_CONTROL_I/NUMBER_reg[0]_i_849_n_0
    SLICE_X6Y89          CARRY4 (Prop_carry4_CI_CO[3])
                                                      0.117    28.645 r  WRITE_CONTROL_I/NUMBER_reg[0]_i_571/CO[3]
                         net (fo=1, routed)           0.000    28.645    WRITE_CONTROL_I/NUMBER_reg[0]_i_571_n_0
    SLICE_X6Y90          CARRY4 (Prop_carry4_CI_CO[3])
                                                      0.117    28.762 r  WRITE_CONTROL_I/NUMBER_reg[0]_i_895/CO[3]
                         net (fo=1, routed)           0.000    28.762    WRITE_CONTROL_I/NUMBER_reg[0]_i_895_n_0
    SLICE_X6Y91          CARRY4 (Prop_carry4_CI_O[0])
                                                      0.219    28.981 r  WRITE_CONTROL_I/NUMBER_reg[0]_i_914/O[0]
                         net (fo=3, routed)           0.613    29.594    WRITE_CONTROL_I/NUMBER_reg[0]_i_914_n_7
    SLICE_X5Y92          LUT6 (Prop_lut6_I0_O)        0.295    29.889 r  WRITE_CONTROL_I/NUMBER[0]_i_627/O
                         net (fo=1, routed)           0.511    30.400    WRITE_CONTROL_I/NUMBER[0]_i_627_n_0
    SLICE_X7Y92          CARRY4 (Prop_carry4_DI[1]_O[2])
                                                      0.537    30.938 r  WRITE_CONTROL_I/NUMBER_reg[0]_i_361/O[2]
                         net (fo=3, routed)           0.546    31.484    WRITE_CONTROL_I/NUMBER_reg[0]_i_361_n_5
    SLICE_X9Y91          LUT3 (Prop_lut3_I2_O)        0.302    31.786 r  WRITE_CONTROL_I/NUMBER[0]_i_556/O
                         net (fo=2, routed)           0.575    32.360    WRITE_CONTROL_I/NUMBER[0]_i_556_n_0
    SLICE_X11Y89         LUT6 (Prop_lut6_I4_O)        0.124    32.484 r  WRITE_CONTROL_I/NUMBER[0]_i_341/O
                         net (fo=1, routed)           0.000    32.484    WRITE_CONTROL_I/NUMBER[0]_i_341_n_0
    SLICE_X11Y89         CARRY4 (Prop_carry4_S[0]_O[0])
                                                      0.247    32.731 r  WRITE_CONTROL_I/NUMBER_reg[0]_i_192/O[0]
                         net (fo=2, routed)           0.485    33.216    WRITE_CONTROL_I/NUMBER_reg[0]_i_192_n_7
    SLICE_X12Y88         CARRY4 (Prop_carry4_S[0]_O[1])
                                                      0.726    33.942 r  WRITE_CONTROL_I/NUMBER_reg[0]_i_108/O[1]
                         net (fo=1, routed)           0.431    34.374    WRITE_CONTROL_I/NUMBER_reg[0]_i_108_n_6
    SLICE_X12Y86         LUT6 (Prop_lut6_I5_O)        0.306    34.680 r  WRITE_CONTROL_I/NUMBER[0]_i_54/O
                         net (fo=1, routed)           0.000    34.680    WRITE_CONTROL_I/NUMBER[0]_i_54_n_0
    SLICE_X12Y86         CARRY4 (Prop_carry4_S[3]_CO[3])
                                                      0.376    35.056 r  WRITE_CONTROL_I/NUMBER_reg[0]_i_19/CO[3]
                         net (fo=1, routed)           0.000    35.056    WRITE_CONTROL_I/NUMBER_reg[0]_i_19_n_0
    SLICE_X12Y87         CARRY4 (Prop_carry4_CI_O[0])
                                                      0.219    35.275 r  WRITE_CONTROL_I/NUMBER_reg[3]_i_7/O[0]
                         net (fo=3, routed)           0.625    35.899    WRITE_CONTROL_I/NUMBER_reg[3]_i_7_n_7
    SLICE_X13Y86         LUT6 (Prop_lut6_I4_O)        0.295    36.194 r  WRITE_CONTROL_I/NUMBER[1]_i_1_comp/O
                         net (fo=1, routed)           0.000    36.194    WRITE_CONTROL_I/NUMBER[1]_i_1_n_0
    SLICE_X13Y86         FDRE                                         r  WRITE_CONTROL_I/NUMBER_reg[1]/D
  -------------------------------------------------------------------    -------------------

                         (clock sys_clk_pin rise edge)
                                                     10.000    10.000 r  
    E3                                                0.000    10.000 r  clk (IN)
                         net (fo=0)                   0.000    10.000    clk
    E3                   IBUF (Prop_ibuf_I_O)         1.411    11.411 r  clk_IBUF_inst/O
                         net (fo=1, routed)           1.920    13.331    clk_IBUF
    BUFGCTRL_X0Y16       BUFG (Prop_bufg_I_O)         0.091    13.422 r  clk_IBUF_BUFG_inst/O
                         net (fo=463, routed)         1.519    14.942    WRITE_CONTROL_I/clk_IBUF_BUFG
    SLICE_X13Y86         FDRE                                         r  WRITE_CONTROL_I/NUMBER_reg[1]/C
                         clock pessimism              0.277    15.219    
                         clock uncertainty           -0.035    15.183    
    SLICE_X13Y86         FDRE (Setup_fdre_C_D)        0.032    15.215    WRITE_CONTROL_I/NUMBER_reg[1]
  -------------------------------------------------------------------
                         required time                         15.215    
                         arrival time                         -36.194    
  -------------------------------------------------------------------
                         slack                                -20.979    

Slack (VIOLATED) :        -20.814ns  (required time - arrival time)
  Source:                 PMOD_HYGRO_I/aa/temperature_reg[8]/C
                            (rising edge-triggered cell FDCE clocked by sys_clk_pin  {rise@0.000ns fall@5.000ns period=10.000ns})
  Destination:            WRITE_CONTROL_I/NUMBER_reg[3]/D
                            (rising edge-triggered cell FDRE clocked by sys_clk_pin  {rise@0.000ns fall@5.000ns period=10.000ns})
  Path Group:             sys_clk_pin
  Path Type:              Setup (Max at Slow Process Corner)
  Requirement:            10.000ns  (sys_clk_pin rise@10.000ns - sys_clk_pin rise@0.000ns)
  Data Path Delay:        30.794ns  (logic 16.476ns (53.504%)  route 14.318ns (46.496%))
  Logic Levels:           41  (CARRY4=25 DSP48E1=1 LUT2=1 LUT3=3 LUT5=3 LUT6=8)
  Clock Path Skew:        -0.016ns (DCD - SCD + CPR)
    Destination Clock Delay (DCD):    4.942ns = ( 14.942 - 10.000 ) 
    Source Clock Delay      (SCD):    5.235ns
    Clock Pessimism Removal (CPR):    0.277ns
  Clock Uncertainty:      0.035ns  ((TSJ^2 + TIJ^2)^1/2 + DJ) / 2 + PE
    Total System Jitter     (TSJ):    0.071ns
    Total Input Jitter      (TIJ):    0.000ns
    Discrete Jitter          (DJ):    0.000ns
    Phase Error              (PE):    0.000ns

    Location             Delay type                Incr(ns)  Path(ns)    Netlist Resource(s)
  -------------------------------------------------------------------    -------------------
                         (clock sys_clk_pin rise edge)
                                                      0.000     0.000 r  
    E3                                                0.000     0.000 r  clk (IN)
                         net (fo=0)                   0.000     0.000    clk
    E3                   IBUF (Prop_ibuf_I_O)         1.482     1.482 r  clk_IBUF_inst/O
                         net (fo=1, routed)           2.025     3.506    clk_IBUF
    BUFGCTRL_X0Y16       BUFG (Prop_bufg_I_O)         0.096     3.602 r  clk_IBUF_BUFG_inst/O
                         net (fo=463, routed)         1.632     5.235    PMOD_HYGRO_I/aa/clk_IBUF_BUFG
    SLICE_X13Y78         FDCE                                         r  PMOD_HYGRO_I/aa/temperature_reg[8]/C
  -------------------------------------------------------------------    -------------------
    SLICE_X13Y78         FDCE (Prop_fdce_C_Q)         0.456     5.691 r  PMOD_HYGRO_I/aa/temperature_reg[8]/Q
                         net (fo=1, routed)           0.402     6.093    WRITE_CONTROL_I/Q[8]
    DSP48_X0Y30          DSP48E1 (Prop_dsp48e1_A[8]_P[16])
                                                      3.841     9.934 r  WRITE_CONTROL_I/TEMP_INT1/P[16]
                         net (fo=156, routed)         0.932    10.866    WRITE_CONTROL_I/TEMP_INT1_n_89
    SLICE_X12Y79         LUT3 (Prop_lut3_I0_O)        0.124    10.990 f  WRITE_CONTROL_I/NUMBER[0]_i_46/O
                         net (fo=70, routed)          0.775    11.765    WRITE_CONTROL_I/NUMBER[0]_i_46_n_0
    SLICE_X13Y79         LUT5 (Prop_lut5_I3_O)        0.124    11.889 r  WRITE_CONTROL_I/NUMBER[0]_i_260/O
                         net (fo=37, routed)          1.035    12.924    WRITE_CONTROL_I/NUMBER[0]_i_260_n_0
    SLICE_X11Y75         LUT3 (Prop_lut3_I0_O)        0.124    13.048 r  WRITE_CONTROL_I/NUMBER[0]_i_1051/O
                         net (fo=1, routed)           0.000    13.048    WRITE_CONTROL_I/NUMBER[0]_i_1051_n_0
    SLICE_X11Y75         CARRY4 (Prop_carry4_S[1]_CO[3])
                                                      0.550    13.598 r  WRITE_CONTROL_I/NUMBER_reg[0]_i_834/CO[3]
                         net (fo=1, routed)           0.000    13.598    WRITE_CONTROL_I/NUMBER_reg[0]_i_834_n_0
    SLICE_X11Y76         CARRY4 (Prop_carry4_CI_CO[0])
                                                      0.271    13.869 r  WRITE_CONTROL_I/NUMBER_reg[0]_i_529/CO[0]
                         net (fo=39, routed)          0.658    14.528    WRITE_CONTROL_I/NUMBER_reg[0]_i_529_n_3
    SLICE_X14Y76         CARRY4 (Prop_carry4_CYINIT_CO[3])
                                                      0.844    15.372 r  WRITE_CONTROL_I/NUMBER_reg[0]_i_798/CO[3]
                         net (fo=6, routed)           0.815    16.187    WRITE_CONTROL_I/NUMBER_reg[0]_i_798_n_0
    SLICE_X14Y80         CARRY4 (Prop_carry4_CYINIT_CO[2])
                                                      0.608    16.795 r  WRITE_CONTROL_I/NUMBER_reg[0]_i_799/CO[2]
                         net (fo=22, routed)          1.019    17.813    WRITE_CONTROL_I/NUMBER_reg[0]_i_799_n_1
    SLICE_X8Y78          LUT5 (Prop_lut5_I4_O)        0.310    18.123 r  WRITE_CONTROL_I/NUMBER[3]_i_28/O
                         net (fo=1, routed)           0.000    18.123    WRITE_CONTROL_I/NUMBER[3]_i_28_n_0
    SLICE_X8Y78          CARRY4 (Prop_carry4_S[0]_CO[3])
                                                      0.513    18.636 r  WRITE_CONTROL_I/NUMBER_reg[3]_i_21/CO[3]
                         net (fo=1, routed)           0.000    18.636    WRITE_CONTROL_I/NUMBER_reg[3]_i_21_n_0
    SLICE_X8Y79          CARRY4 (Prop_carry4_CI_O[3])
                                                      0.315    18.951 r  WRITE_CONTROL_I/NUMBER_reg[0]_i_1153/O[3]
                         net (fo=4, routed)           0.779    19.730    WRITE_CONTROL_I/NUMBER_reg[0]_i_1153_n_4
    SLICE_X12Y78         LUT6 (Prop_lut6_I0_O)        0.307    20.037 r  WRITE_CONTROL_I/NUMBER[0]_i_991/O
                         net (fo=2, routed)           0.663    20.700    WRITE_CONTROL_I/NUMBER[0]_i_991_n_0
    SLICE_X10Y81         LUT6 (Prop_lut6_I0_O)        0.124    20.824 r  WRITE_CONTROL_I/NUMBER[0]_i_995/O
                         net (fo=1, routed)           0.000    20.824    WRITE_CONTROL_I/NUMBER[0]_i_995_n_0
    SLICE_X10Y81         CARRY4 (Prop_carry4_S[3]_CO[3])
                                                      0.376    21.200 r  WRITE_CONTROL_I/NUMBER_reg[0]_i_762/CO[3]
                         net (fo=1, routed)           0.000    21.200    WRITE_CONTROL_I/NUMBER_reg[0]_i_762_n_0
    SLICE_X10Y82         CARRY4 (Prop_carry4_CI_O[1])
                                                      0.323    21.523 r  WRITE_CONTROL_I/NUMBER_reg[0]_i_463/O[1]
                         net (fo=9, routed)           0.643    22.166    WRITE_CONTROL_I/NUMBER_reg[0]_i_463_n_6
    SLICE_X9Y82          LUT2 (Prop_lut2_I1_O)        0.306    22.472 r  WRITE_CONTROL_I/NUMBER[0]_i_758/O
                         net (fo=1, routed)           0.000    22.472    WRITE_CONTROL_I/NUMBER[0]_i_758_n_0
    SLICE_X9Y82          CARRY4 (Prop_carry4_S[3]_CO[3])
                                                      0.401    22.873 r  WRITE_CONTROL_I/NUMBER_reg[0]_i_458/CO[3]
                         net (fo=1, routed)           0.000    22.873    WRITE_CONTROL_I/NUMBER_reg[0]_i_458_n_0
    SLICE_X9Y83          CARRY4 (Prop_carry4_CI_O[2])
                                                      0.239    23.112 r  WRITE_CONTROL_I/NUMBER_reg[0]_i_290/O[2]
                         net (fo=3, routed)           0.682    23.794    WRITE_CONTROL_I/NUMBER_reg[0]_i_290_n_5
    SLICE_X5Y83          LUT6 (Prop_lut6_I5_O)        0.302    24.096 r  WRITE_CONTROL_I/NUMBER[0]_i_480/O
                         net (fo=1, routed)           0.472    24.568    WRITE_CONTROL_I/NUMBER[0]_i_480_n_0
    SLICE_X7Y82          CARRY4 (Prop_carry4_DI[3]_CO[3])
                                                      0.385    24.953 r  WRITE_CONTROL_I/NUMBER_reg[0]_i_300/CO[3]
                         net (fo=1, routed)           0.000    24.953    WRITE_CONTROL_I/NUMBER_reg[0]_i_300_n_0
    SLICE_X7Y83          CARRY4 (Prop_carry4_CI_CO[3])
                                                      0.114    25.067 r  WRITE_CONTROL_I/NUMBER_reg[0]_i_172/CO[3]
                         net (fo=1, routed)           0.000    25.067    WRITE_CONTROL_I/NUMBER_reg[0]_i_172_n_0
    SLICE_X7Y84          CARRY4 (Prop_carry4_CI_CO[0])
                                                      0.271    25.338 r  WRITE_CONTROL_I/NUMBER_reg[0]_i_104/CO[0]
                         net (fo=52, routed)          0.738    26.076    WRITE_CONTROL_I/NUMBER_reg[0]_i_104_n_3
    SLICE_X4Y83          LUT5 (Prop_lut5_I2_O)        0.373    26.449 r  WRITE_CONTROL_I/NUMBER[0]_i_52/O
                         net (fo=11, routed)          0.456    26.904    WRITE_CONTROL_I/p_0_in0_out[1]
    SLICE_X6Y83          LUT6 (Prop_lut6_I0_O)        0.124    27.028 r  WRITE_CONTROL_I/NUMBER[0]_i_1073/O
                         net (fo=2, routed)           0.629    27.657    WRITE_CONTROL_I/NUMBER[0]_i_1073_n_0
    SLICE_X6Y85          CARRY4 (Prop_carry4_DI[1]_CO[3])
                                                      0.520    28.177 r  WRITE_CONTROL_I/NUMBER_reg[0]_i_1267/CO[3]
                         net (fo=1, routed)           0.000    28.177    WRITE_CONTROL_I/NUMBER_reg[0]_i_1267_n_0
    SLICE_X6Y86          CARRY4 (Prop_carry4_CI_CO[3])
                                                      0.117    28.294 r  WRITE_CONTROL_I/NUMBER_reg[0]_i_1202/CO[3]
                         net (fo=1, routed)           0.000    28.294    WRITE_CONTROL_I/NUMBER_reg[0]_i_1202_n_0
    SLICE_X6Y87          CARRY4 (Prop_carry4_CI_CO[3])
                                                      0.117    28.411 r  WRITE_CONTROL_I/NUMBER_reg[0]_i_1066/CO[3]
                         net (fo=1, routed)           0.000    28.411    WRITE_CONTROL_I/NUMBER_reg[0]_i_1066_n_0
    SLICE_X6Y88          CARRY4 (Prop_carry4_CI_CO[3])
                                                      0.117    28.528 r  WRITE_CONTROL_I/NUMBER_reg[0]_i_849/CO[3]
                         net (fo=1, routed)           0.000    28.528    WRITE_CONTROL_I/NUMBER_reg[0]_i_849_n_0
    SLICE_X6Y89          CARRY4 (Prop_carry4_CI_CO[3])
                                                      0.117    28.645 r  WRITE_CONTROL_I/NUMBER_reg[0]_i_571/CO[3]
                         net (fo=1, routed)           0.000    28.645    WRITE_CONTROL_I/NUMBER_reg[0]_i_571_n_0
    SLICE_X6Y90          CARRY4 (Prop_carry4_CI_CO[3])
                                                      0.117    28.762 r  WRITE_CONTROL_I/NUMBER_reg[0]_i_895/CO[3]
                         net (fo=1, routed)           0.000    28.762    WRITE_CONTROL_I/NUMBER_reg[0]_i_895_n_0
    SLICE_X6Y91          CARRY4 (Prop_carry4_CI_O[0])
                                                      0.219    28.981 r  WRITE_CONTROL_I/NUMBER_reg[0]_i_914/O[0]
                         net (fo=3, routed)           0.613    29.594    WRITE_CONTROL_I/NUMBER_reg[0]_i_914_n_7
    SLICE_X5Y92          LUT6 (Prop_lut6_I0_O)        0.295    29.889 r  WRITE_CONTROL_I/NUMBER[0]_i_627/O
                         net (fo=1, routed)           0.511    30.400    WRITE_CONTROL_I/NUMBER[0]_i_627_n_0
    SLICE_X7Y92          CARRY4 (Prop_carry4_DI[1]_O[2])
                                                      0.537    30.938 r  WRITE_CONTROL_I/NUMBER_reg[0]_i_361/O[2]
                         net (fo=3, routed)           0.546    31.484    WRITE_CONTROL_I/NUMBER_reg[0]_i_361_n_5
    SLICE_X9Y91          LUT3 (Prop_lut3_I2_O)        0.302    31.786 r  WRITE_CONTROL_I/NUMBER[0]_i_556/O
                         net (fo=2, routed)           0.575    32.360    WRITE_CONTROL_I/NUMBER[0]_i_556_n_0
    SLICE_X11Y89         LUT6 (Prop_lut6_I4_O)        0.124    32.484 r  WRITE_CONTROL_I/NUMBER[0]_i_341/O
                         net (fo=1, routed)           0.000    32.484    WRITE_CONTROL_I/NUMBER[0]_i_341_n_0
    SLICE_X11Y89         CARRY4 (Prop_carry4_S[0]_O[0])
                                                      0.247    32.731 r  WRITE_CONTROL_I/NUMBER_reg[0]_i_192/O[0]
                         net (fo=2, routed)           0.485    33.216    WRITE_CONTROL_I/NUMBER_reg[0]_i_192_n_7
    SLICE_X12Y88         CARRY4 (Prop_carry4_S[0]_O[1])
                                                      0.726    33.942 r  WRITE_CONTROL_I/NUMBER_reg[0]_i_108/O[1]
                         net (fo=1, routed)           0.431    34.374    WRITE_CONTROL_I/NUMBER_reg[0]_i_108_n_6
    SLICE_X12Y86         LUT6 (Prop_lut6_I5_O)        0.306    34.680 r  WRITE_CONTROL_I/NUMBER[0]_i_54/O
                         net (fo=1, routed)           0.000    34.680    WRITE_CONTROL_I/NUMBER[0]_i_54_n_0
    SLICE_X12Y86         CARRY4 (Prop_carry4_S[3]_CO[3])
                                                      0.376    35.056 r  WRITE_CONTROL_I/NUMBER_reg[0]_i_19/CO[3]
                         net (fo=1, routed)           0.000    35.056    WRITE_CONTROL_I/NUMBER_reg[0]_i_19_n_0
    SLICE_X12Y87         CARRY4 (Prop_carry4_CI_O[0])
                                                      0.219    35.275 r  WRITE_CONTROL_I/NUMBER_reg[3]_i_7/O[0]
                         net (fo=3, routed)           0.459    35.734    WRITE_CONTROL_I/NUMBER_reg[3]_i_7_n_7
    SLICE_X15Y86         LUT6 (Prop_lut6_I4_O)        0.295    36.029 r  WRITE_CONTROL_I/NUMBER[3]_i_1_comp_1/O
                         net (fo=1, routed)           0.000    36.029    WRITE_CONTROL_I/NUMBER[3]_i_1_n_0
    SLICE_X15Y86         FDRE                                         r  WRITE_CONTROL_I/NUMBER_reg[3]/D
  -------------------------------------------------------------------    -------------------

                         (clock sys_clk_pin rise edge)
                                                     10.000    10.000 r  
    E3                                                0.000    10.000 r  clk (IN)
                         net (fo=0)                   0.000    10.000    clk
    E3                   IBUF (Prop_ibuf_I_O)         1.411    11.411 r  clk_IBUF_inst/O
                         net (fo=1, routed)           1.920    13.331    clk_IBUF
    BUFGCTRL_X0Y16       BUFG (Prop_bufg_I_O)         0.091    13.422 r  clk_IBUF_BUFG_inst/O
                         net (fo=463, routed)         1.519    14.942    WRITE_CONTROL_I/clk_IBUF_BUFG
    SLICE_X15Y86         FDRE                                         r  WRITE_CONTROL_I/NUMBER_reg[3]/C
                         clock pessimism              0.277    15.219    
                         clock uncertainty           -0.035    15.183    
    SLICE_X15Y86         FDRE (Setup_fdre_C_D)        0.031    15.214    WRITE_CONTROL_I/NUMBER_reg[3]
  -------------------------------------------------------------------
                         required time                         15.214    
                         arrival time                         -36.029    
  -------------------------------------------------------------------
                         slack                                -20.814    

Slack (VIOLATED) :        -20.799ns  (required time - arrival time)
  Source:                 PMOD_HYGRO_I/aa/temperature_reg[8]/C
                            (rising edge-triggered cell FDCE clocked by sys_clk_pin  {rise@0.000ns fall@5.000ns period=10.000ns})
  Destination:            WRITE_CONTROL_I/NUMBER_reg[2]/D
                            (rising edge-triggered cell FDRE clocked by sys_clk_pin  {rise@0.000ns fall@5.000ns period=10.000ns})
  Path Group:             sys_clk_pin
  Path Type:              Setup (Max at Slow Process Corner)
  Requirement:            10.000ns  (sys_clk_pin rise@10.000ns - sys_clk_pin rise@0.000ns)
  Data Path Delay:        30.825ns  (logic 16.476ns (53.450%)  route 14.349ns (46.550%))
  Logic Levels:           41  (CARRY4=25 DSP48E1=1 LUT2=1 LUT3=3 LUT5=3 LUT6=8)
  Clock Path Skew:        -0.015ns (DCD - SCD + CPR)
    Destination Clock Delay (DCD):    4.943ns = ( 14.943 - 10.000 ) 
    Source Clock Delay      (SCD):    5.235ns
    Clock Pessimism Removal (CPR):    0.277ns
  Clock Uncertainty:      0.035ns  ((TSJ^2 + TIJ^2)^1/2 + DJ) / 2 + PE
    Total System Jitter     (TSJ):    0.071ns
    Total Input Jitter      (TIJ):    0.000ns
    Discrete Jitter          (DJ):    0.000ns
    Phase Error              (PE):    0.000ns

    Location             Delay type                Incr(ns)  Path(ns)    Netlist Resource(s)
  -------------------------------------------------------------------    -------------------
                         (clock sys_clk_pin rise edge)
                                                      0.000     0.000 r  
    E3                                                0.000     0.000 r  clk (IN)
                         net (fo=0)                   0.000     0.000    clk
    E3                   IBUF (Prop_ibuf_I_O)         1.482     1.482 r  clk_IBUF_inst/O
                         net (fo=1, routed)           2.025     3.506    clk_IBUF
    BUFGCTRL_X0Y16       BUFG (Prop_bufg_I_O)         0.096     3.602 r  clk_IBUF_BUFG_inst/O
                         net (fo=463, routed)         1.632     5.235    PMOD_HYGRO_I/aa/clk_IBUF_BUFG
    SLICE_X13Y78         FDCE                                         r  PMOD_HYGRO_I/aa/temperature_reg[8]/C
  -------------------------------------------------------------------    -------------------
    SLICE_X13Y78         FDCE (Prop_fdce_C_Q)         0.456     5.691 r  PMOD_HYGRO_I/aa/temperature_reg[8]/Q
                         net (fo=1, routed)           0.402     6.093    WRITE_CONTROL_I/Q[8]
    DSP48_X0Y30          DSP48E1 (Prop_dsp48e1_A[8]_P[16])
                                                      3.841     9.934 r  WRITE_CONTROL_I/TEMP_INT1/P[16]
                         net (fo=156, routed)         0.932    10.866    WRITE_CONTROL_I/TEMP_INT1_n_89
    SLICE_X12Y79         LUT3 (Prop_lut3_I0_O)        0.124    10.990 f  WRITE_CONTROL_I/NUMBER[0]_i_46/O
                         net (fo=70, routed)          0.775    11.765    WRITE_CONTROL_I/NUMBER[0]_i_46_n_0
    SLICE_X13Y79         LUT5 (Prop_lut5_I3_O)        0.124    11.889 r  WRITE_CONTROL_I/NUMBER[0]_i_260/O
                         net (fo=37, routed)          1.035    12.924    WRITE_CONTROL_I/NUMBER[0]_i_260_n_0
    SLICE_X11Y75         LUT3 (Prop_lut3_I0_O)        0.124    13.048 r  WRITE_CONTROL_I/NUMBER[0]_i_1051/O
                         net (fo=1, routed)           0.000    13.048    WRITE_CONTROL_I/NUMBER[0]_i_1051_n_0
    SLICE_X11Y75         CARRY4 (Prop_carry4_S[1]_CO[3])
                                                      0.550    13.598 r  WRITE_CONTROL_I/NUMBER_reg[0]_i_834/CO[3]
                         net (fo=1, routed)           0.000    13.598    WRITE_CONTROL_I/NUMBER_reg[0]_i_834_n_0
    SLICE_X11Y76         CARRY4 (Prop_carry4_CI_CO[0])
                                                      0.271    13.869 r  WRITE_CONTROL_I/NUMBER_reg[0]_i_529/CO[0]
                         net (fo=39, routed)          0.658    14.528    WRITE_CONTROL_I/NUMBER_reg[0]_i_529_n_3
    SLICE_X14Y76         CARRY4 (Prop_carry4_CYINIT_CO[3])
                                                      0.844    15.372 r  WRITE_CONTROL_I/NUMBER_reg[0]_i_798/CO[3]
                         net (fo=6, routed)           0.815    16.187    WRITE_CONTROL_I/NUMBER_reg[0]_i_798_n_0
    SLICE_X14Y80         CARRY4 (Prop_carry4_CYINIT_CO[2])
                                                      0.608    16.795 r  WRITE_CONTROL_I/NUMBER_reg[0]_i_799/CO[2]
                         net (fo=22, routed)          1.019    17.813    WRITE_CONTROL_I/NUMBER_reg[0]_i_799_n_1
    SLICE_X8Y78          LUT5 (Prop_lut5_I4_O)        0.310    18.123 r  WRITE_CONTROL_I/NUMBER[3]_i_28/O
                         net (fo=1, routed)           0.000    18.123    WRITE_CONTROL_I/NUMBER[3]_i_28_n_0
    SLICE_X8Y78          CARRY4 (Prop_carry4_S[0]_CO[3])
                                                      0.513    18.636 r  WRITE_CONTROL_I/NUMBER_reg[3]_i_21/CO[3]
                         net (fo=1, routed)           0.000    18.636    WRITE_CONTROL_I/NUMBER_reg[3]_i_21_n_0
    SLICE_X8Y79          CARRY4 (Prop_carry4_CI_O[3])
                                                      0.315    18.951 r  WRITE_CONTROL_I/NUMBER_reg[0]_i_1153/O[3]
                         net (fo=4, routed)           0.779    19.730    WRITE_CONTROL_I/NUMBER_reg[0]_i_1153_n_4
    SLICE_X12Y78         LUT6 (Prop_lut6_I0_O)        0.307    20.037 r  WRITE_CONTROL_I/NUMBER[0]_i_991/O
                         net (fo=2, routed)           0.663    20.700    WRITE_CONTROL_I/NUMBER[0]_i_991_n_0
    SLICE_X10Y81         LUT6 (Prop_lut6_I0_O)        0.124    20.824 r  WRITE_CONTROL_I/NUMBER[0]_i_995/O
                         net (fo=1, routed)           0.000    20.824    WRITE_CONTROL_I/NUMBER[0]_i_995_n_0
    SLICE_X10Y81         CARRY4 (Prop_carry4_S[3]_CO[3])
                                                      0.376    21.200 r  WRITE_CONTROL_I/NUMBER_reg[0]_i_762/CO[3]
                         net (fo=1, routed)           0.000    21.200    WRITE_CONTROL_I/NUMBER_reg[0]_i_762_n_0
    SLICE_X10Y82         CARRY4 (Prop_carry4_CI_O[1])
                                                      0.323    21.523 r  WRITE_CONTROL_I/NUMBER_reg[0]_i_463/O[1]
                         net (fo=9, routed)           0.643    22.166    WRITE_CONTROL_I/NUMBER_reg[0]_i_463_n_6
    SLICE_X9Y82          LUT2 (Prop_lut2_I1_O)        0.306    22.472 r  WRITE_CONTROL_I/NUMBER[0]_i_758/O
                         net (fo=1, routed)           0.000    22.472    WRITE_CONTROL_I/NUMBER[0]_i_758_n_0
    SLICE_X9Y82          CARRY4 (Prop_carry4_S[3]_CO[3])
                                                      0.401    22.873 r  WRITE_CONTROL_I/NUMBER_reg[0]_i_458/CO[3]
                         net (fo=1, routed)           0.000    22.873    WRITE_CONTROL_I/NUMBER_reg[0]_i_458_n_0
    SLICE_X9Y83          CARRY4 (Prop_carry4_CI_O[2])
                                                      0.239    23.112 r  WRITE_CONTROL_I/NUMBER_reg[0]_i_290/O[2]
                         net (fo=3, routed)           0.682    23.794    WRITE_CONTROL_I/NUMBER_reg[0]_i_290_n_5
    SLICE_X5Y83          LUT6 (Prop_lut6_I5_O)        0.302    24.096 r  WRITE_CONTROL_I/NUMBER[0]_i_480/O
                         net (fo=1, routed)           0.472    24.568    WRITE_CONTROL_I/NUMBER[0]_i_480_n_0
    SLICE_X7Y82          CARRY4 (Prop_carry4_DI[3]_CO[3])
                                                      0.385    24.953 r  WRITE_CONTROL_I/NUMBER_reg[0]_i_300/CO[3]
                         net (fo=1, routed)           0.000    24.953    WRITE_CONTROL_I/NUMBER_reg[0]_i_300_n_0
    SLICE_X7Y83          CARRY4 (Prop_carry4_CI_CO[3])
                                                      0.114    25.067 r  WRITE_CONTROL_I/NUMBER_reg[0]_i_172/CO[3]
                         net (fo=1, routed)           0.000    25.067    WRITE_CONTROL_I/NUMBER_reg[0]_i_172_n_0
    SLICE_X7Y84          CARRY4 (Prop_carry4_CI_CO[0])
                                                      0.271    25.338 r  WRITE_CONTROL_I/NUMBER_reg[0]_i_104/CO[0]
                         net (fo=52, routed)          0.738    26.076    WRITE_CONTROL_I/NUMBER_reg[0]_i_104_n_3
    SLICE_X4Y83          LUT5 (Prop_lut5_I2_O)        0.373    26.449 r  WRITE_CONTROL_I/NUMBER[0]_i_52/O
                         net (fo=11, routed)          0.456    26.904    WRITE_CONTROL_I/p_0_in0_out[1]
    SLICE_X6Y83          LUT6 (Prop_lut6_I0_O)        0.124    27.028 r  WRITE_CONTROL_I/NUMBER[0]_i_1073/O
                         net (fo=2, routed)           0.629    27.657    WRITE_CONTROL_I/NUMBER[0]_i_1073_n_0
    SLICE_X6Y85          CARRY4 (Prop_carry4_DI[1]_CO[3])
                                                      0.520    28.177 r  WRITE_CONTROL_I/NUMBER_reg[0]_i_1267/CO[3]
                         net (fo=1, routed)           0.000    28.177    WRITE_CONTROL_I/NUMBER_reg[0]_i_1267_n_0
    SLICE_X6Y86          CARRY4 (Prop_carry4_CI_CO[3])
                                                      0.117    28.294 r  WRITE_CONTROL_I/NUMBER_reg[0]_i_1202/CO[3]
                         net (fo=1, routed)           0.000    28.294    WRITE_CONTROL_I/NUMBER_reg[0]_i_1202_n_0
    SLICE_X6Y87          CARRY4 (Prop_carry4_CI_CO[3])
                                                      0.117    28.411 r  WRITE_CONTROL_I/NUMBER_reg[0]_i_1066/CO[3]
                         net (fo=1, routed)           0.000    28.411    WRITE_CONTROL_I/NUMBER_reg[0]_i_1066_n_0
    SLICE_X6Y88          CARRY4 (Prop_carry4_CI_CO[3])
                                                      0.117    28.528 r  WRITE_CONTROL_I/NUMBER_reg[0]_i_849/CO[3]
                         net (fo=1, routed)           0.000    28.528    WRITE_CONTROL_I/NUMBER_reg[0]_i_849_n_0
    SLICE_X6Y89          CARRY4 (Prop_carry4_CI_CO[3])
                                                      0.117    28.645 r  WRITE_CONTROL_I/NUMBER_reg[0]_i_571/CO[3]
                         net (fo=1, routed)           0.000    28.645    WRITE_CONTROL_I/NUMBER_reg[0]_i_571_n_0
    SLICE_X6Y90          CARRY4 (Prop_carry4_CI_CO[3])
                                                      0.117    28.762 r  WRITE_CONTROL_I/NUMBER_reg[0]_i_895/CO[3]
                         net (fo=1, routed)           0.000    28.762    WRITE_CONTROL_I/NUMBER_reg[0]_i_895_n_0
    SLICE_X6Y91          CARRY4 (Prop_carry4_CI_O[0])
                                                      0.219    28.981 r  WRITE_CONTROL_I/NUMBER_reg[0]_i_914/O[0]
                         net (fo=3, routed)           0.613    29.594    WRITE_CONTROL_I/NUMBER_reg[0]_i_914_n_7
    SLICE_X5Y92          LUT6 (Prop_lut6_I0_O)        0.295    29.889 r  WRITE_CONTROL_I/NUMBER[0]_i_627/O
                         net (fo=1, routed)           0.511    30.400    WRITE_CONTROL_I/NUMBER[0]_i_627_n_0
    SLICE_X7Y92          CARRY4 (Prop_carry4_DI[1]_O[2])
                                                      0.537    30.938 r  WRITE_CONTROL_I/NUMBER_reg[0]_i_361/O[2]
                         net (fo=3, routed)           0.546    31.484    WRITE_CONTROL_I/NUMBER_reg[0]_i_361_n_5
    SLICE_X9Y91          LUT3 (Prop_lut3_I2_O)        0.302    31.786 r  WRITE_CONTROL_I/NUMBER[0]_i_556/O
                         net (fo=2, routed)           0.575    32.360    WRITE_CONTROL_I/NUMBER[0]_i_556_n_0
    SLICE_X11Y89         LUT6 (Prop_lut6_I4_O)        0.124    32.484 r  WRITE_CONTROL_I/NUMBER[0]_i_341/O
                         net (fo=1, routed)           0.000    32.484    WRITE_CONTROL_I/NUMBER[0]_i_341_n_0
    SLICE_X11Y89         CARRY4 (Prop_carry4_S[0]_O[0])
                                                      0.247    32.731 r  WRITE_CONTROL_I/NUMBER_reg[0]_i_192/O[0]
                         net (fo=2, routed)           0.485    33.216    WRITE_CONTROL_I/NUMBER_reg[0]_i_192_n_7
    SLICE_X12Y88         CARRY4 (Prop_carry4_S[0]_O[1])
                                                      0.726    33.942 r  WRITE_CONTROL_I/NUMBER_reg[0]_i_108/O[1]
                         net (fo=1, routed)           0.431    34.374    WRITE_CONTROL_I/NUMBER_reg[0]_i_108_n_6
    SLICE_X12Y86         LUT6 (Prop_lut6_I5_O)        0.306    34.680 r  WRITE_CONTROL_I/NUMBER[0]_i_54/O
                         net (fo=1, routed)           0.000    34.680    WRITE_CONTROL_I/NUMBER[0]_i_54_n_0
    SLICE_X12Y86         CARRY4 (Prop_carry4_S[3]_CO[3])
                                                      0.376    35.056 r  WRITE_CONTROL_I/NUMBER_reg[0]_i_19/CO[3]
                         net (fo=1, routed)           0.000    35.056    WRITE_CONTROL_I/NUMBER_reg[0]_i_19_n_0
    SLICE_X12Y87         CARRY4 (Prop_carry4_CI_O[0])
                                                      0.219    35.275 r  WRITE_CONTROL_I/NUMBER_reg[3]_i_7/O[0]
                         net (fo=3, routed)           0.490    35.765    WRITE_CONTROL_I/NUMBER_reg[3]_i_7_n_7
    SLICE_X14Y87         LUT6 (Prop_lut6_I4_O)        0.295    36.060 r  WRITE_CONTROL_I/NUMBER[2]_i_1_comp/O
                         net (fo=1, routed)           0.000    36.060    WRITE_CONTROL_I/NUMBER[2]_i_1_n_0
    SLICE_X14Y87         FDRE                                         r  WRITE_CONTROL_I/NUMBER_reg[2]/D
  -------------------------------------------------------------------    -------------------

                         (clock sys_clk_pin rise edge)
                                                     10.000    10.000 r  
    E3                                                0.000    10.000 r  clk (IN)
                         net (fo=0)                   0.000    10.000    clk
    E3                   IBUF (Prop_ibuf_I_O)         1.411    11.411 r  clk_IBUF_inst/O
                         net (fo=1, routed)           1.920    13.331    clk_IBUF
    BUFGCTRL_X0Y16       BUFG (Prop_bufg_I_O)         0.091    13.422 r  clk_IBUF_BUFG_inst/O
                         net (fo=463, routed)         1.520    14.943    WRITE_CONTROL_I/clk_IBUF_BUFG
    SLICE_X14Y87         FDRE                                         r  WRITE_CONTROL_I/NUMBER_reg[2]/C
                         clock pessimism              0.277    15.220    
                         clock uncertainty           -0.035    15.184    
    SLICE_X14Y87         FDRE (Setup_fdre_C_D)        0.077    15.261    WRITE_CONTROL_I/NUMBER_reg[2]
  -------------------------------------------------------------------
                         required time                         15.261    
                         arrival time                         -36.060    
  -------------------------------------------------------------------
                         slack                                -20.799    

Slack (VIOLATED) :        -14.712ns  (required time - arrival time)
  Source:                 PMOD_HYGRO_I/aa/temperature_reg[8]/C
                            (rising edge-triggered cell FDCE clocked by sys_clk_pin  {rise@0.000ns fall@5.000ns period=10.000ns})
  Destination:            WRITE_CONTROL_I/NUMBER_reg[0]/D
                            (rising edge-triggered cell FDRE clocked by sys_clk_pin  {rise@0.000ns fall@5.000ns period=10.000ns})
  Path Group:             sys_clk_pin
  Path Type:              Setup (Max at Slow Process Corner)
  Requirement:            10.000ns  (sys_clk_pin rise@10.000ns - sys_clk_pin rise@0.000ns)
  Data Path Delay:        24.572ns  (logic 12.396ns (50.447%)  route 12.176ns (49.553%))
  Logic Levels:           27  (CARRY4=14 DSP48E1=1 LUT2=1 LUT3=2 LUT5=4 LUT6=5)
  Clock Path Skew:        -0.037ns (DCD - SCD + CPR)
    Destination Clock Delay (DCD):    4.939ns = ( 14.939 - 10.000 ) 
    Source Clock Delay      (SCD):    5.235ns
    Clock Pessimism Removal (CPR):    0.259ns
  Clock Uncertainty:      0.035ns  ((TSJ^2 + TIJ^2)^1/2 + DJ) / 2 + PE
    Total System Jitter     (TSJ):    0.071ns
    Total Input Jitter      (TIJ):    0.000ns
    Discrete Jitter          (DJ):    0.000ns
    Phase Error              (PE):    0.000ns

    Location             Delay type                Incr(ns)  Path(ns)    Netlist Resource(s)
  -------------------------------------------------------------------    -------------------
                         (clock sys_clk_pin rise edge)
                                                      0.000     0.000 r  
    E3                                                0.000     0.000 r  clk (IN)
                         net (fo=0)                   0.000     0.000    clk
    E3                   IBUF (Prop_ibuf_I_O)         1.482     1.482 r  clk_IBUF_inst/O
                         net (fo=1, routed)           2.025     3.506    clk_IBUF
    BUFGCTRL_X0Y16       BUFG (Prop_bufg_I_O)         0.096     3.602 r  clk_IBUF_BUFG_inst/O
                         net (fo=463, routed)         1.632     5.235    PMOD_HYGRO_I/aa/clk_IBUF_BUFG
    SLICE_X13Y78         FDCE                                         r  PMOD_HYGRO_I/aa/temperature_reg[8]/C
  -------------------------------------------------------------------    -------------------
    SLICE_X13Y78         FDCE (Prop_fdce_C_Q)         0.456     5.691 r  PMOD_HYGRO_I/aa/temperature_reg[8]/Q
                         net (fo=1, routed)           0.402     6.093    WRITE_CONTROL_I/Q[8]
    DSP48_X0Y30          DSP48E1 (Prop_dsp48e1_A[8]_P[16])
                                                      3.841     9.934 r  WRITE_CONTROL_I/TEMP_INT1/P[16]
                         net (fo=156, routed)         0.932    10.866    WRITE_CONTROL_I/TEMP_INT1_n_89
    SLICE_X12Y79         LUT3 (Prop_lut3_I0_O)        0.124    10.990 f  WRITE_CONTROL_I/NUMBER[0]_i_46/O
                         net (fo=70, routed)          0.775    11.765    WRITE_CONTROL_I/NUMBER[0]_i_46_n_0
    SLICE_X13Y79         LUT5 (Prop_lut5_I3_O)        0.124    11.889 r  WRITE_CONTROL_I/NUMBER[0]_i_260/O
                         net (fo=37, routed)          1.035    12.924    WRITE_CONTROL_I/NUMBER[0]_i_260_n_0
    SLICE_X11Y75         LUT3 (Prop_lut3_I0_O)        0.124    13.048 r  WRITE_CONTROL_I/NUMBER[0]_i_1051/O
                         net (fo=1, routed)           0.000    13.048    WRITE_CONTROL_I/NUMBER[0]_i_1051_n_0
    SLICE_X11Y75         CARRY4 (Prop_carry4_S[1]_CO[3])
                                                      0.550    13.598 r  WRITE_CONTROL_I/NUMBER_reg[0]_i_834/CO[3]
                         net (fo=1, routed)           0.000    13.598    WRITE_CONTROL_I/NUMBER_reg[0]_i_834_n_0
    SLICE_X11Y76         CARRY4 (Prop_carry4_CI_CO[0])
                                                      0.271    13.869 r  WRITE_CONTROL_I/NUMBER_reg[0]_i_529/CO[0]
                         net (fo=39, routed)          0.658    14.528    WRITE_CONTROL_I/NUMBER_reg[0]_i_529_n_3
    SLICE_X14Y76         CARRY4 (Prop_carry4_CYINIT_CO[3])
                                                      0.844    15.372 r  WRITE_CONTROL_I/NUMBER_reg[0]_i_798/CO[3]
                         net (fo=6, routed)           0.815    16.187    WRITE_CONTROL_I/NUMBER_reg[0]_i_798_n_0
    SLICE_X14Y80         CARRY4 (Prop_carry4_CYINIT_CO[2])
                                                      0.608    16.795 r  WRITE_CONTROL_I/NUMBER_reg[0]_i_799/CO[2]
                         net (fo=22, routed)          1.019    17.813    WRITE_CONTROL_I/NUMBER_reg[0]_i_799_n_1
    SLICE_X8Y78          LUT5 (Prop_lut5_I4_O)        0.310    18.123 r  WRITE_CONTROL_I/NUMBER[3]_i_28/O
                         net (fo=1, routed)           0.000    18.123    WRITE_CONTROL_I/NUMBER[3]_i_28_n_0
    SLICE_X8Y78          CARRY4 (Prop_carry4_S[0]_CO[3])
                                                      0.513    18.636 r  WRITE_CONTROL_I/NUMBER_reg[3]_i_21/CO[3]
                         net (fo=1, routed)           0.000    18.636    WRITE_CONTROL_I/NUMBER_reg[3]_i_21_n_0
    SLICE_X8Y79          CARRY4 (Prop_carry4_CI_O[3])
                                                      0.315    18.951 r  WRITE_CONTROL_I/NUMBER_reg[0]_i_1153/O[3]
                         net (fo=4, routed)           0.779    19.730    WRITE_CONTROL_I/NUMBER_reg[0]_i_1153_n_4
    SLICE_X12Y78         LUT6 (Prop_lut6_I0_O)        0.307    20.037 r  WRITE_CONTROL_I/NUMBER[0]_i_991/O
                         net (fo=2, routed)           0.663    20.700    WRITE_CONTROL_I/NUMBER[0]_i_991_n_0
    SLICE_X10Y81         LUT6 (Prop_lut6_I0_O)        0.124    20.824 r  WRITE_CONTROL_I/NUMBER[0]_i_995/O
                         net (fo=1, routed)           0.000    20.824    WRITE_CONTROL_I/NUMBER[0]_i_995_n_0
    SLICE_X10Y81         CARRY4 (Prop_carry4_S[3]_CO[3])
                                                      0.376    21.200 r  WRITE_CONTROL_I/NUMBER_reg[0]_i_762/CO[3]
                         net (fo=1, routed)           0.000    21.200    WRITE_CONTROL_I/NUMBER_reg[0]_i_762_n_0
    SLICE_X10Y82         CARRY4 (Prop_carry4_CI_O[1])
                                                      0.323    21.523 r  WRITE_CONTROL_I/NUMBER_reg[0]_i_463/O[1]
                         net (fo=9, routed)           0.643    22.166    WRITE_CONTROL_I/NUMBER_reg[0]_i_463_n_6
    SLICE_X9Y82          LUT2 (Prop_lut2_I1_O)        0.306    22.472 r  WRITE_CONTROL_I/NUMBER[0]_i_758/O
                         net (fo=1, routed)           0.000    22.472    WRITE_CONTROL_I/NUMBER[0]_i_758_n_0
    SLICE_X9Y82          CARRY4 (Prop_carry4_S[3]_CO[3])
                                                      0.401    22.873 r  WRITE_CONTROL_I/NUMBER_reg[0]_i_458/CO[3]
                         net (fo=1, routed)           0.000    22.873    WRITE_CONTROL_I/NUMBER_reg[0]_i_458_n_0
    SLICE_X9Y83          CARRY4 (Prop_carry4_CI_O[2])
                                                      0.239    23.112 r  WRITE_CONTROL_I/NUMBER_reg[0]_i_290/O[2]
                         net (fo=3, routed)           0.682    23.794    WRITE_CONTROL_I/NUMBER_reg[0]_i_290_n_5
    SLICE_X5Y83          LUT6 (Prop_lut6_I5_O)        0.302    24.096 r  WRITE_CONTROL_I/NUMBER[0]_i_480/O
                         net (fo=1, routed)           0.472    24.568    WRITE_CONTROL_I/NUMBER[0]_i_480_n_0
    SLICE_X7Y82          CARRY4 (Prop_carry4_DI[3]_CO[3])
                                                      0.385    24.953 r  WRITE_CONTROL_I/NUMBER_reg[0]_i_300/CO[3]
                         net (fo=1, routed)           0.000    24.953    WRITE_CONTROL_I/NUMBER_reg[0]_i_300_n_0
    SLICE_X7Y83          CARRY4 (Prop_carry4_CI_CO[3])
                                                      0.114    25.067 r  WRITE_CONTROL_I/NUMBER_reg[0]_i_172/CO[3]
                         net (fo=1, routed)           0.000    25.067    WRITE_CONTROL_I/NUMBER_reg[0]_i_172_n_0
    SLICE_X7Y84          CARRY4 (Prop_carry4_CI_CO[0])
                                                      0.271    25.338 r  WRITE_CONTROL_I/NUMBER_reg[0]_i_104/CO[0]
                         net (fo=52, routed)          1.443    26.780    WRITE_CONTROL_I/NUMBER_reg[0]_i_104_n_3
    SLICE_X12Y86         LUT5 (Prop_lut5_I2_O)        0.373    27.153 r  WRITE_CONTROL_I/NUMBER[0]_i_57/O
                         net (fo=1, routed)           0.000    27.153    WRITE_CONTROL_I/NUMBER[0]_i_57_n_0
    SLICE_X12Y86         CARRY4 (Prop_carry4_S[0]_O[0])
                                                      0.252    27.405 r  WRITE_CONTROL_I/NUMBER_reg[0]_i_19/O[0]
                         net (fo=1, routed)           0.447    27.852    WRITE_CONTROL_I/NUMBER_reg[0]_i_19_n_7
    SLICE_X15Y86         LUT6 (Prop_lut6_I0_O)        0.295    28.147 r  WRITE_CONTROL_I/NUMBER[0]_i_7/O
                         net (fo=1, routed)           0.535    28.682    WRITE_CONTROL_I/NUMBER[0]_i_7_n_0
    SLICE_X29Y86         LUT5 (Prop_lut5_I4_O)        0.124    28.806 r  WRITE_CONTROL_I/NUMBER[0]_i_2/O
                         net (fo=1, routed)           0.539    29.345    WRITE_CONTROL_I/NUMBER[0]_i_2_n_0
    SLICE_X28Y86         LUT6 (Prop_lut6_I0_O)        0.124    29.469 r  WRITE_CONTROL_I/NUMBER[0]_i_1/O
                         net (fo=1, routed)           0.338    29.807    WRITE_CONTROL_I/NUMBER[0]_i_1_n_0
    SLICE_X28Y86         FDRE                                         r  WRITE_CONTROL_I/NUMBER_reg[0]/D
  -------------------------------------------------------------------    -------------------

                         (clock sys_clk_pin rise edge)
                                                     10.000    10.000 r  
    E3                                                0.000    10.000 r  clk (IN)
                         net (fo=0)                   0.000    10.000    clk
    E3                   IBUF (Prop_ibuf_I_O)         1.411    11.411 r  clk_IBUF_inst/O
                         net (fo=1, routed)           1.920    13.331    clk_IBUF
    BUFGCTRL_X0Y16       BUFG (Prop_bufg_I_O)         0.091    13.422 r  clk_IBUF_BUFG_inst/O
                         net (fo=463, routed)         1.516    14.939    WRITE_CONTROL_I/clk_IBUF_BUFG
    SLICE_X28Y86         FDRE                                         r  WRITE_CONTROL_I/NUMBER_reg[0]/C
                         clock pessimism              0.259    15.198    
                         clock uncertainty           -0.035    15.162    
    SLICE_X28Y86         FDRE (Setup_fdre_C_D)       -0.067    15.095    WRITE_CONTROL_I/NUMBER_reg[0]
  -------------------------------------------------------------------
                         required time                         15.095    
                         arrival time                         -29.807    
  -------------------------------------------------------------------
                         slack                                -14.712    

Slack (VIOLATED) :        -1.795ns  (required time - arrival time)
  Source:                 WRITE_CONTROL_I/addr_char_signal_reg[6]/C
                            (rising edge-triggered cell FDRE clocked by sys_clk_pin  {rise@0.000ns fall@5.000ns period=10.000ns})
  Destination:            ROM_CHAR_I/DATA_OUT_reg[12]/D
                            (rising edge-triggered cell FDRE clocked by sys_clk_pin  {rise@0.000ns fall@5.000ns period=10.000ns})
  Path Group:             sys_clk_pin
  Path Type:              Setup (Max at Slow Process Corner)
  Requirement:            10.000ns  (sys_clk_pin rise@10.000ns - sys_clk_pin rise@0.000ns)
  Data Path Delay:        11.639ns  (logic 1.922ns (16.514%)  route 9.717ns (83.486%))
  Logic Levels:           7  (LUT5=1 LUT6=4 MUXF7=2)
  Clock Path Skew:        -0.040ns (DCD - SCD + CPR)
    Destination Clock Delay (DCD):    4.927ns = ( 14.927 - 10.000 ) 
    Source Clock Delay      (SCD):    5.226ns
    Clock Pessimism Removal (CPR):    0.259ns
  Clock Uncertainty:      0.035ns  ((TSJ^2 + TIJ^2)^1/2 + DJ) / 2 + PE
    Total System Jitter     (TSJ):    0.071ns
    Total Input Jitter      (TIJ):    0.000ns
    Discrete Jitter          (DJ):    0.000ns
    Phase Error              (PE):    0.000ns

    Location             Delay type                Incr(ns)  Path(ns)    Netlist Resource(s)
  -------------------------------------------------------------------    -------------------
                         (clock sys_clk_pin rise edge)
                                                      0.000     0.000 r  
    E3                                                0.000     0.000 r  clk (IN)
                         net (fo=0)                   0.000     0.000    clk
    E3                   IBUF (Prop_ibuf_I_O)         1.482     1.482 r  clk_IBUF_inst/O
                         net (fo=1, routed)           2.025     3.506    clk_IBUF
    BUFGCTRL_X0Y16       BUFG (Prop_bufg_I_O)         0.096     3.602 r  clk_IBUF_BUFG_inst/O
                         net (fo=463, routed)         1.624     5.226    WRITE_CONTROL_I/clk_IBUF_BUFG
    SLICE_X34Y106        FDRE                                         r  WRITE_CONTROL_I/addr_char_signal_reg[6]/C
  -------------------------------------------------------------------    -------------------
    SLICE_X34Y106        FDRE (Prop_fdre_C_Q)         0.518     5.744 r  WRITE_CONTROL_I/addr_char_signal_reg[6]/Q
                         net (fo=638, routed)         6.095    11.839    WRITE_CONTROL_I/ADDR_char[6]
    SLICE_X49Y104        LUT6 (Prop_lut6_I2_O)        0.124    11.963 r  WRITE_CONTROL_I/DATA_OUT[12]_i_182/O
                         net (fo=1, routed)           0.634    12.597    WRITE_CONTROL_I/DATA_OUT[12]_i_182_n_0
    SLICE_X48Y104        LUT6 (Prop_lut6_I0_O)        0.124    12.721 r  WRITE_CONTROL_I/DATA_OUT[12]_i_97/O
                         net (fo=1, routed)           0.000    12.721    WRITE_CONTROL_I/DATA_OUT[12]_i_97_n_0
    SLICE_X48Y104        MUXF7 (Prop_muxf7_I1_O)      0.217    12.938 r  WRITE_CONTROL_I/DATA_OUT_reg[12]_i_39/O
                         net (fo=1, routed)           0.789    13.727    WRITE_CONTROL_I/DATA_OUT_reg[12]_i_39_n_0
    SLICE_X44Y104        LUT6 (Prop_lut6_I3_O)        0.299    14.026 r  WRITE_CONTROL_I/DATA_OUT[12]_i_14/O
                         net (fo=1, routed)           0.000    14.026    WRITE_CONTROL_I/DATA_OUT[12]_i_14_n_0
    SLICE_X44Y104        MUXF7 (Prop_muxf7_I1_O)      0.217    14.243 r  WRITE_CONTROL_I/DATA_OUT_reg[12]_i_5/O
                         net (fo=1, routed)           0.630    14.873    WRITE_CONTROL_I/DATA_OUT_reg[12]_i_5_n_0
    SLICE_X37Y102        LUT6 (Prop_lut6_I3_O)        0.299    15.172 r  WRITE_CONTROL_I/DATA_OUT[12]_i_2/O
                         net (fo=1, routed)           0.860    16.032    WRITE_CONTROL_I/DATA_OUT[12]_i_2_n_0
    SLICE_X31Y100        LUT5 (Prop_lut5_I0_O)        0.124    16.156 r  WRITE_CONTROL_I/DATA_OUT[12]_i_1/O
                         net (fo=1, routed)           0.709    16.865    ROM_CHAR_I/D[12]
    SLICE_X31Y100        FDRE                                         r  ROM_CHAR_I/DATA_OUT_reg[12]/D
  -------------------------------------------------------------------    -------------------

                         (clock sys_clk_pin rise edge)
                                                     10.000    10.000 r  
    E3                                                0.000    10.000 r  clk (IN)
                         net (fo=0)                   0.000    10.000    clk
    E3                   IBUF (Prop_ibuf_I_O)         1.411    11.411 r  clk_IBUF_inst/O
                         net (fo=1, routed)           1.920    13.331    clk_IBUF
    BUFGCTRL_X0Y16       BUFG (Prop_bufg_I_O)         0.091    13.422 r  clk_IBUF_BUFG_inst/O
                         net (fo=463, routed)         1.505    14.927    ROM_CHAR_I/clk_IBUF_BUFG
    SLICE_X31Y100        FDRE                                         r  ROM_CHAR_I/DATA_OUT_reg[12]/C
                         clock pessimism              0.259    15.186    
                         clock uncertainty           -0.035    15.151    
    SLICE_X31Y100        FDRE (Setup_fdre_C_D)       -0.081    15.070    ROM_CHAR_I/DATA_OUT_reg[12]
  -------------------------------------------------------------------
                         required time                         15.070    
                         arrival time                         -16.865    
  -------------------------------------------------------------------
                         slack                                 -1.795    

Slack (VIOLATED) :        -1.577ns  (required time - arrival time)
  Source:                 WRITE_CONTROL_I/addr_char_signal_reg[4]/C
                            (rising edge-triggered cell FDRE clocked by sys_clk_pin  {rise@0.000ns fall@5.000ns period=10.000ns})
  Destination:            ROM_CHAR_I/DATA_OUT_reg[11]/D
                            (rising edge-triggered cell FDRE clocked by sys_clk_pin  {rise@0.000ns fall@5.000ns period=10.000ns})
  Path Group:             sys_clk_pin
  Path Type:              Setup (Max at Slow Process Corner)
  Requirement:            10.000ns  (sys_clk_pin rise@10.000ns - sys_clk_pin rise@0.000ns)
  Data Path Delay:        11.397ns  (logic 1.636ns (14.354%)  route 9.761ns (85.646%))
  Logic Levels:           7  (LUT5=1 LUT6=4 MUXF7=1 MUXF8=1)
  Clock Path Skew:        -0.100ns (DCD - SCD + CPR)
    Destination Clock Delay (DCD):    4.947ns = ( 14.947 - 10.000 ) 
    Source Clock Delay      (SCD):    5.226ns
    Clock Pessimism Removal (CPR):    0.180ns
  Clock Uncertainty:      0.035ns  ((TSJ^2 + TIJ^2)^1/2 + DJ) / 2 + PE
    Total System Jitter     (TSJ):    0.071ns
    Total Input Jitter      (TIJ):    0.000ns
    Discrete Jitter          (DJ):    0.000ns
    Phase Error              (PE):    0.000ns

    Location             Delay type                Incr(ns)  Path(ns)    Netlist Resource(s)
  -------------------------------------------------------------------    -------------------
                         (clock sys_clk_pin rise edge)
                                                      0.000     0.000 r  
    E3                                                0.000     0.000 r  clk (IN)
                         net (fo=0)                   0.000     0.000    clk
    E3                   IBUF (Prop_ibuf_I_O)         1.482     1.482 r  clk_IBUF_inst/O
                         net (fo=1, routed)           2.025     3.506    clk_IBUF
    BUFGCTRL_X0Y16       BUFG (Prop_bufg_I_O)         0.096     3.602 r  clk_IBUF_BUFG_inst/O
                         net (fo=463, routed)         1.624     5.226    WRITE_CONTROL_I/clk_IBUF_BUFG
    SLICE_X34Y106        FDRE                                         r  WRITE_CONTROL_I/addr_char_signal_reg[4]/C
  -------------------------------------------------------------------    -------------------
    SLICE_X34Y106        FDRE (Prop_fdre_C_Q)         0.518     5.744 r  WRITE_CONTROL_I/addr_char_signal_reg[4]/Q
                         net (fo=1185, routed)        5.053    10.798    WRITE_CONTROL_I/ADDR_char[4]
    SLICE_X36Y121        LUT6 (Prop_lut6_I5_O)        0.124    10.922 r  WRITE_CONTROL_I/DATA_OUT[11]_i_116/O
                         net (fo=2, routed)           0.681    11.602    WRITE_CONTROL_I/DATA_OUT[11]_i_116_n_0
    SLICE_X36Y121        LUT6 (Prop_lut6_I3_O)        0.124    11.726 r  WRITE_CONTROL_I/DATA_OUT[11]_i_61/O
                         net (fo=1, routed)           0.949    12.676    WRITE_CONTROL_I/DATA_OUT[11]_i_61_n_0
    SLICE_X36Y117        LUT6 (Prop_lut6_I5_O)        0.124    12.800 r  WRITE_CONTROL_I/DATA_OUT[11]_i_25/O
                         net (fo=1, routed)           0.000    12.800    WRITE_CONTROL_I/DATA_OUT[11]_i_25_n_0
    SLICE_X36Y117        MUXF7 (Prop_muxf7_I0_O)      0.212    13.012 r  WRITE_CONTROL_I/DATA_OUT_reg[11]_i_10/O
                         net (fo=1, routed)           0.000    13.012    WRITE_CONTROL_I/DATA_OUT_reg[11]_i_10_n_0
    SLICE_X36Y117        MUXF8 (Prop_muxf8_I1_O)      0.094    13.106 r  WRITE_CONTROL_I/DATA_OUT_reg[11]_i_4/O
                         net (fo=1, routed)           1.219    14.325    WRITE_CONTROL_I/DATA_OUT_reg[11]_i_4_n_0
    SLICE_X37Y107        LUT6 (Prop_lut6_I1_O)        0.316    14.641 r  WRITE_CONTROL_I/DATA_OUT[11]_i_2/O
                         net (fo=1, routed)           1.391    16.031    WRITE_CONTROL_I/DATA_OUT[11]_i_2_n_0
    SLICE_X28Y93         LUT5 (Prop_lut5_I0_O)        0.124    16.155 r  WRITE_CONTROL_I/DATA_OUT[11]_i_1/O
                         net (fo=1, routed)           0.468    16.624    ROM_CHAR_I/D[11]
    SLICE_X14Y93         FDRE                                         r  ROM_CHAR_I/DATA_OUT_reg[11]/D
  -------------------------------------------------------------------    -------------------

                         (clock sys_clk_pin rise edge)
                                                     10.000    10.000 r  
    E3                                                0.000    10.000 r  clk (IN)
                         net (fo=0)                   0.000    10.000    clk
    E3                   IBUF (Prop_ibuf_I_O)         1.411    11.411 r  clk_IBUF_inst/O
                         net (fo=1, routed)           1.920    13.331    clk_IBUF
    BUFGCTRL_X0Y16       BUFG (Prop_bufg_I_O)         0.091    13.422 r  clk_IBUF_BUFG_inst/O
                         net (fo=463, routed)         1.524    14.947    ROM_CHAR_I/clk_IBUF_BUFG
    SLICE_X14Y93         FDRE                                         r  ROM_CHAR_I/DATA_OUT_reg[11]/C
                         clock pessimism              0.180    15.127    
                         clock uncertainty           -0.035    15.091    
    SLICE_X14Y93         FDRE (Setup_fdre_C_D)       -0.045    15.046    ROM_CHAR_I/DATA_OUT_reg[11]
  -------------------------------------------------------------------
                         required time                         15.046    
                         arrival time                         -16.624    
  -------------------------------------------------------------------
                         slack                                 -1.577    

Slack (VIOLATED) :        -1.493ns  (required time - arrival time)
  Source:                 WRITE_CONTROL_I/addr_char_signal_reg[6]/C
                            (rising edge-triggered cell FDRE clocked by sys_clk_pin  {rise@0.000ns fall@5.000ns period=10.000ns})
  Destination:            ROM_CHAR_I/DATA_OUT_reg[13]/D
                            (rising edge-triggered cell FDRE clocked by sys_clk_pin  {rise@0.000ns fall@5.000ns period=10.000ns})
  Path Group:             sys_clk_pin
  Path Type:              Setup (Max at Slow Process Corner)
  Requirement:            10.000ns  (sys_clk_pin rise@10.000ns - sys_clk_pin rise@0.000ns)
  Data Path Delay:        11.357ns  (logic 1.917ns (16.880%)  route 9.440ns (83.120%))
  Logic Levels:           7  (LUT5=2 LUT6=3 MUXF7=2)
  Clock Path Skew:        -0.040ns (DCD - SCD + CPR)
    Destination Clock Delay (DCD):    4.927ns = ( 14.927 - 10.000 ) 
    Source Clock Delay      (SCD):    5.226ns
    Clock Pessimism Removal (CPR):    0.259ns
  Clock Uncertainty:      0.035ns  ((TSJ^2 + TIJ^2)^1/2 + DJ) / 2 + PE
    Total System Jitter     (TSJ):    0.071ns
    Total Input Jitter      (TIJ):    0.000ns
    Discrete Jitter          (DJ):    0.000ns
    Phase Error              (PE):    0.000ns

    Location             Delay type                Incr(ns)  Path(ns)    Netlist Resource(s)
  -------------------------------------------------------------------    -------------------
                         (clock sys_clk_pin rise edge)
                                                      0.000     0.000 r  
    E3                                                0.000     0.000 r  clk (IN)
                         net (fo=0)                   0.000     0.000    clk
    E3                   IBUF (Prop_ibuf_I_O)         1.482     1.482 r  clk_IBUF_inst/O
                         net (fo=1, routed)           2.025     3.506    clk_IBUF
    BUFGCTRL_X0Y16       BUFG (Prop_bufg_I_O)         0.096     3.602 r  clk_IBUF_BUFG_inst/O
                         net (fo=463, routed)         1.624     5.226    WRITE_CONTROL_I/clk_IBUF_BUFG
    SLICE_X34Y106        FDRE                                         r  WRITE_CONTROL_I/addr_char_signal_reg[6]/C
  -------------------------------------------------------------------    -------------------
    SLICE_X34Y106        FDRE (Prop_fdre_C_Q)         0.518     5.744 r  WRITE_CONTROL_I/addr_char_signal_reg[6]/Q
                         net (fo=638, routed)         5.711    11.456    WRITE_CONTROL_I/ADDR_char[6]
    SLICE_X46Y111        LUT6 (Prop_lut6_I4_O)        0.124    11.580 r  WRITE_CONTROL_I/DATA_OUT[9]_i_43/O
                         net (fo=2, routed)           0.811    12.391    WRITE_CONTROL_I/DATA_OUT[9]_i_43_n_0
    SLICE_X46Y110        LUT5 (Prop_lut5_I4_O)        0.124    12.515 r  WRITE_CONTROL_I/DATA_OUT[13]_i_77/O
                         net (fo=1, routed)           0.000    12.515    WRITE_CONTROL_I/DATA_OUT[13]_i_77_n_0
    SLICE_X46Y110        MUXF7 (Prop_muxf7_I1_O)      0.214    12.729 r  WRITE_CONTROL_I/DATA_OUT_reg[13]_i_34/O
                         net (fo=1, routed)           0.310    13.039    WRITE_CONTROL_I/DATA_OUT_reg[13]_i_34_n_0
    SLICE_X43Y110        LUT6 (Prop_lut6_I3_O)        0.297    13.336 r  WRITE_CONTROL_I/DATA_OUT[13]_i_12/O
                         net (fo=1, routed)           0.000    13.336    WRITE_CONTROL_I/DATA_OUT[13]_i_12_n_0
    SLICE_X43Y110        MUXF7 (Prop_muxf7_I1_O)      0.217    13.553 r  WRITE_CONTROL_I/DATA_OUT_reg[13]_i_5/O
                         net (fo=1, routed)           0.965    14.518    WRITE_CONTROL_I/DATA_OUT_reg[13]_i_5_n_0
    SLICE_X34Y110        LUT6 (Prop_lut6_I3_O)        0.299    14.817 r  WRITE_CONTROL_I/DATA_OUT[13]_i_2/O
                         net (fo=1, routed)           1.263    16.080    WRITE_CONTROL_I/DATA_OUT[13]_i_2_n_0
    SLICE_X31Y100        LUT5 (Prop_lut5_I0_O)        0.124    16.204 r  WRITE_CONTROL_I/DATA_OUT[13]_i_1/O
                         net (fo=1, routed)           0.379    16.583    ROM_CHAR_I/D[13]
    SLICE_X31Y100        FDRE                                         r  ROM_CHAR_I/DATA_OUT_reg[13]/D
  -------------------------------------------------------------------    -------------------

                         (clock sys_clk_pin rise edge)
                                                     10.000    10.000 r  
    E3                                                0.000    10.000 r  clk (IN)
                         net (fo=0)                   0.000    10.000    clk
    E3                   IBUF (Prop_ibuf_I_O)         1.411    11.411 r  clk_IBUF_inst/O
                         net (fo=1, routed)           1.920    13.331    clk_IBUF
    BUFGCTRL_X0Y16       BUFG (Prop_bufg_I_O)         0.091    13.422 r  clk_IBUF_BUFG_inst/O
                         net (fo=463, routed)         1.505    14.927    ROM_CHAR_I/clk_IBUF_BUFG
    SLICE_X31Y100        FDRE                                         r  ROM_CHAR_I/DATA_OUT_reg[13]/C
                         clock pessimism              0.259    15.186    
                         clock uncertainty           -0.035    15.151    
    SLICE_X31Y100        FDRE (Setup_fdre_C_D)       -0.061    15.090    ROM_CHAR_I/DATA_OUT_reg[13]
  -------------------------------------------------------------------
                         required time                         15.090    
                         arrival time                         -16.583    
  -------------------------------------------------------------------
                         slack                                 -1.493    

Slack (VIOLATED) :        -1.168ns  (required time - arrival time)
  Source:                 WRITE_CONTROL_I/addr_char_signal_reg[6]/C
                            (rising edge-triggered cell FDRE clocked by sys_clk_pin  {rise@0.000ns fall@5.000ns period=10.000ns})
  Destination:            ROM_CHAR_I/DATA_OUT_reg[8]/D
                            (rising edge-triggered cell FDRE clocked by sys_clk_pin  {rise@0.000ns fall@5.000ns period=10.000ns})
  Path Group:             sys_clk_pin
  Path Type:              Setup (Max at Slow Process Corner)
  Requirement:            10.000ns  (sys_clk_pin rise@10.000ns - sys_clk_pin rise@0.000ns)
  Data Path Delay:        11.123ns  (logic 1.138ns (10.231%)  route 9.985ns (89.769%))
  Logic Levels:           5  (LUT5=2 LUT6=3)
  Clock Path Skew:        -0.040ns (DCD - SCD + CPR)
    Destination Clock Delay (DCD):    4.927ns = ( 14.927 - 10.000 ) 
    Source Clock Delay      (SCD):    5.226ns
    Clock Pessimism Removal (CPR):    0.259ns
  Clock Uncertainty:      0.035ns  ((TSJ^2 + TIJ^2)^1/2 + DJ) / 2 + PE
    Total System Jitter     (TSJ):    0.071ns
    Total Input Jitter      (TIJ):    0.000ns
    Discrete Jitter          (DJ):    0.000ns
    Phase Error              (PE):    0.000ns

    Location             Delay type                Incr(ns)  Path(ns)    Netlist Resource(s)
  -------------------------------------------------------------------    -------------------
                         (clock sys_clk_pin rise edge)
                                                      0.000     0.000 r  
    E3                                                0.000     0.000 r  clk (IN)
                         net (fo=0)                   0.000     0.000    clk
    E3                   IBUF (Prop_ibuf_I_O)         1.482     1.482 r  clk_IBUF_inst/O
                         net (fo=1, routed)           2.025     3.506    clk_IBUF
    BUFGCTRL_X0Y16       BUFG (Prop_bufg_I_O)         0.096     3.602 r  clk_IBUF_BUFG_inst/O
                         net (fo=463, routed)         1.624     5.226    WRITE_CONTROL_I/clk_IBUF_BUFG
    SLICE_X34Y106        FDRE                                         r  WRITE_CONTROL_I/addr_char_signal_reg[6]/C
  -------------------------------------------------------------------    -------------------
    SLICE_X34Y106        FDRE (Prop_fdre_C_Q)         0.518     5.744 r  WRITE_CONTROL_I/addr_char_signal_reg[6]/Q
                         net (fo=638, routed)         6.254    11.998    WRITE_CONTROL_I/ADDR_char[6]
    SLICE_X49Y103        LUT6 (Prop_lut6_I1_O)        0.124    12.122 r  WRITE_CONTROL_I/DATA_OUT[8]_i_26/O
                         net (fo=1, routed)           0.823    12.945    WRITE_CONTROL_I/DATA_OUT[8]_i_26_n_0
    SLICE_X51Y102        LUT6 (Prop_lut6_I3_O)        0.124    13.069 r  WRITE_CONTROL_I/DATA_OUT[8]_i_9/O
                         net (fo=1, routed)           1.184    14.253    WRITE_CONTROL_I/DATA_OUT[8]_i_9_n_0
    SLICE_X45Y102        LUT6 (Prop_lut6_I1_O)        0.124    14.377 r  WRITE_CONTROL_I/DATA_OUT[8]_i_4/O
                         net (fo=1, routed)           0.970    15.347    WRITE_CONTROL_I/DATA_OUT[8]_i_4_n_0
    SLICE_X40Y101        LUT5 (Prop_lut5_I2_O)        0.124    15.471 r  WRITE_CONTROL_I/DATA_OUT[8]_i_2/O
                         net (fo=2, routed)           0.755    16.226    WRITE_CONTROL_I/DATA_OUT[8]_i_2_n_0
    SLICE_X32Y101        LUT5 (Prop_lut5_I0_O)        0.124    16.350 r  WRITE_CONTROL_I/DATA_OUT[8]_i_1/O
                         net (fo=1, routed)           0.000    16.350    ROM_CHAR_I/D[8]
    SLICE_X32Y101        FDRE                                         r  ROM_CHAR_I/DATA_OUT_reg[8]/D
  -------------------------------------------------------------------    -------------------

                         (clock sys_clk_pin rise edge)
                                                     10.000    10.000 r  
    E3                                                0.000    10.000 r  clk (IN)
                         net (fo=0)                   0.000    10.000    clk
    E3                   IBUF (Prop_ibuf_I_O)         1.411    11.411 r  clk_IBUF_inst/O
                         net (fo=1, routed)           1.920    13.331    clk_IBUF
    BUFGCTRL_X0Y16       BUFG (Prop_bufg_I_O)         0.091    13.422 r  clk_IBUF_BUFG_inst/O
                         net (fo=463, routed)         1.505    14.927    ROM_CHAR_I/clk_IBUF_BUFG
    SLICE_X32Y101        FDRE                                         r  ROM_CHAR_I/DATA_OUT_reg[8]/C
                         clock pessimism              0.259    15.186    
                         clock uncertainty           -0.035    15.151    
    SLICE_X32Y101        FDRE (Setup_fdre_C_D)        0.031    15.182    ROM_CHAR_I/DATA_OUT_reg[8]
  -------------------------------------------------------------------
                         required time                         15.182    
                         arrival time                         -16.350    
  -------------------------------------------------------------------
                         slack                                 -1.168    

Slack (VIOLATED) :        -1.129ns  (required time - arrival time)
  Source:                 WRITE_CONTROL_I/addr_char_signal_reg[4]/C
                            (rising edge-triggered cell FDRE clocked by sys_clk_pin  {rise@0.000ns fall@5.000ns period=10.000ns})
  Destination:            ROM_CHAR_I/DATA_OUT_reg[6]/D
                            (rising edge-triggered cell FDRE clocked by sys_clk_pin  {rise@0.000ns fall@5.000ns period=10.000ns})
  Path Group:             sys_clk_pin
  Path Type:              Setup (Max at Slow Process Corner)
  Requirement:            10.000ns  (sys_clk_pin rise@10.000ns - sys_clk_pin rise@0.000ns)
  Data Path Delay:        11.082ns  (logic 1.525ns (13.761%)  route 9.557ns (86.239%))
  Logic Levels:           6  (LUT5=1 LUT6=4 MUXF7=1)
  Clock Path Skew:        -0.040ns (DCD - SCD + CPR)
    Destination Clock Delay (DCD):    4.927ns = ( 14.927 - 10.000 ) 
    Source Clock Delay      (SCD):    5.226ns
    Clock Pessimism Removal (CPR):    0.259ns
  Clock Uncertainty:      0.035ns  ((TSJ^2 + TIJ^2)^1/2 + DJ) / 2 + PE
    Total System Jitter     (TSJ):    0.071ns
    Total Input Jitter      (TIJ):    0.000ns
    Discrete Jitter          (DJ):    0.000ns
    Phase Error              (PE):    0.000ns

    Location             Delay type                Incr(ns)  Path(ns)    Netlist Resource(s)
  -------------------------------------------------------------------    -------------------
                         (clock sys_clk_pin rise edge)
                                                      0.000     0.000 r  
    E3                                                0.000     0.000 r  clk (IN)
                         net (fo=0)                   0.000     0.000    clk
    E3                   IBUF (Prop_ibuf_I_O)         1.482     1.482 r  clk_IBUF_inst/O
                         net (fo=1, routed)           2.025     3.506    clk_IBUF
    BUFGCTRL_X0Y16       BUFG (Prop_bufg_I_O)         0.096     3.602 r  clk_IBUF_BUFG_inst/O
                         net (fo=463, routed)         1.624     5.226    WRITE_CONTROL_I/clk_IBUF_BUFG
    SLICE_X34Y106        FDRE                                         r  WRITE_CONTROL_I/addr_char_signal_reg[4]/C
  -------------------------------------------------------------------    -------------------
    SLICE_X34Y106        FDRE (Prop_fdre_C_Q)         0.518     5.744 r  WRITE_CONTROL_I/addr_char_signal_reg[4]/Q
                         net (fo=1185, routed)        5.341    11.086    WRITE_CONTROL_I/ADDR_char[4]
    SLICE_X48Y121        LUT6 (Prop_lut6_I5_O)        0.124    11.210 r  WRITE_CONTROL_I/DATA_OUT[6]_i_79/O
                         net (fo=1, routed)           0.957    12.167    WRITE_CONTROL_I/DATA_OUT[6]_i_79_n_0
    SLICE_X48Y122        LUT6 (Prop_lut6_I3_O)        0.124    12.291 r  WRITE_CONTROL_I/DATA_OUT[6]_i_41/O
                         net (fo=1, routed)           0.717    13.007    WRITE_CONTROL_I/DATA_OUT[6]_i_41_n_0
    SLICE_X43Y122        LUT6 (Prop_lut6_I1_O)        0.124    13.131 r  WRITE_CONTROL_I/DATA_OUT[6]_i_16/O
                         net (fo=1, routed)           0.000    13.131    WRITE_CONTROL_I/DATA_OUT[6]_i_16_n_0
    SLICE_X43Y122        MUXF7 (Prop_muxf7_I0_O)      0.212    13.343 r  WRITE_CONTROL_I/DATA_OUT_reg[6]_i_6/O
                         net (fo=1, routed)           1.147    14.490    WRITE_CONTROL_I/DATA_OUT_reg[6]_i_6_n_0
    SLICE_X37Y115        LUT6 (Prop_lut6_I0_O)        0.299    14.789 r  WRITE_CONTROL_I/DATA_OUT[6]_i_3/O
                         net (fo=1, routed)           1.395    16.184    WRITE_CONTROL_I/DATA_OUT[6]_i_3_n_0
    SLICE_X33Y102        LUT5 (Prop_lut5_I2_O)        0.124    16.308 r  WRITE_CONTROL_I/DATA_OUT[6]_i_1/O
                         net (fo=1, routed)           0.000    16.308    ROM_CHAR_I/D[6]
    SLICE_X33Y102        FDRE                                         r  ROM_CHAR_I/DATA_OUT_reg[6]/D
  -------------------------------------------------------------------    -------------------

                         (clock sys_clk_pin rise edge)
                                                     10.000    10.000 r  
    E3                                                0.000    10.000 r  clk (IN)
                         net (fo=0)                   0.000    10.000    clk
    E3                   IBUF (Prop_ibuf_I_O)         1.411    11.411 r  clk_IBUF_inst/O
                         net (fo=1, routed)           1.920    13.331    clk_IBUF
    BUFGCTRL_X0Y16       BUFG (Prop_bufg_I_O)         0.091    13.422 r  clk_IBUF_BUFG_inst/O
                         net (fo=463, routed)         1.505    14.927    ROM_CHAR_I/clk_IBUF_BUFG
    SLICE_X33Y102        FDRE                                         r  ROM_CHAR_I/DATA_OUT_reg[6]/C
                         clock pessimism              0.259    15.186    
                         clock uncertainty           -0.035    15.151    
    SLICE_X33Y102        FDRE (Setup_fdre_C_D)        0.029    15.180    ROM_CHAR_I/DATA_OUT_reg[6]
  -------------------------------------------------------------------
                         required time                         15.180    
                         arrival time                         -16.308    
  -------------------------------------------------------------------
                         slack                                 -1.129    

Slack (VIOLATED) :        -0.953ns  (required time - arrival time)
  Source:                 WRITE_CONTROL_I/addr_char_signal_reg[4]/C
                            (rising edge-triggered cell FDRE clocked by sys_clk_pin  {rise@0.000ns fall@5.000ns period=10.000ns})
  Destination:            ROM_CHAR_I/DATA_OUT_reg[5]/D
                            (rising edge-triggered cell FDRE clocked by sys_clk_pin  {rise@0.000ns fall@5.000ns period=10.000ns})
  Path Group:             sys_clk_pin
  Path Type:              Setup (Max at Slow Process Corner)
  Requirement:            10.000ns  (sys_clk_pin rise@10.000ns - sys_clk_pin rise@0.000ns)
  Data Path Delay:        10.907ns  (logic 1.262ns (11.570%)  route 9.645ns (88.430%))
  Logic Levels:           6  (LUT5=1 LUT6=5)
  Clock Path Skew:        -0.041ns (DCD - SCD + CPR)
    Destination Clock Delay (DCD):    4.926ns = ( 14.926 - 10.000 ) 
    Source Clock Delay      (SCD):    5.226ns
    Clock Pessimism Removal (CPR):    0.259ns
  Clock Uncertainty:      0.035ns  ((TSJ^2 + TIJ^2)^1/2 + DJ) / 2 + PE
    Total System Jitter     (TSJ):    0.071ns
    Total Input Jitter      (TIJ):    0.000ns
    Discrete Jitter          (DJ):    0.000ns
    Phase Error              (PE):    0.000ns

    Location             Delay type                Incr(ns)  Path(ns)    Netlist Resource(s)
  -------------------------------------------------------------------    -------------------
                         (clock sys_clk_pin rise edge)
                                                      0.000     0.000 r  
    E3                                                0.000     0.000 r  clk (IN)
                         net (fo=0)                   0.000     0.000    clk
    E3                   IBUF (Prop_ibuf_I_O)         1.482     1.482 r  clk_IBUF_inst/O
                         net (fo=1, routed)           2.025     3.506    clk_IBUF
    BUFGCTRL_X0Y16       BUFG (Prop_bufg_I_O)         0.096     3.602 r  clk_IBUF_BUFG_inst/O
                         net (fo=463, routed)         1.624     5.226    WRITE_CONTROL_I/clk_IBUF_BUFG
    SLICE_X34Y106        FDRE                                         r  WRITE_CONTROL_I/addr_char_signal_reg[4]/C
  -------------------------------------------------------------------    -------------------
    SLICE_X34Y106        FDRE (Prop_fdre_C_Q)         0.518     5.744 r  WRITE_CONTROL_I/addr_char_signal_reg[4]/Q
                         net (fo=1185, routed)        5.574    11.318    WRITE_CONTROL_I/ADDR_char[4]
    SLICE_X36Y122        LUT6 (Prop_lut6_I5_O)        0.124    11.442 r  WRITE_CONTROL_I/DATA_OUT[5]_i_134/O
                         net (fo=2, routed)           0.445    11.887    WRITE_CONTROL_I/DATA_OUT[5]_i_134_n_0
    SLICE_X36Y122        LUT6 (Prop_lut6_I5_O)        0.124    12.011 r  WRITE_CONTROL_I/DATA_OUT[5]_i_61/O
                         net (fo=1, routed)           1.013    13.023    WRITE_CONTROL_I/DATA_OUT[5]_i_61_n_0
    SLICE_X40Y119        LUT6 (Prop_lut6_I5_O)        0.124    13.147 r  WRITE_CONTROL_I/DATA_OUT[5]_i_23/O
                         net (fo=1, routed)           0.943    14.091    WRITE_CONTROL_I/DATA_OUT[5]_i_23_n_0
    SLICE_X41Y116        LUT6 (Prop_lut6_I1_O)        0.124    14.215 r  WRITE_CONTROL_I/DATA_OUT[5]_i_7/O
                         net (fo=1, routed)           0.903    15.118    WRITE_CONTROL_I/DATA_OUT[5]_i_7_n_0
    SLICE_X35Y110        LUT6 (Prop_lut6_I5_O)        0.124    15.242 r  WRITE_CONTROL_I/DATA_OUT[5]_i_2/O
                         net (fo=1, routed)           0.767    16.010    WRITE_CONTROL_I/DATA_OUT[5]_i_2_n_0
    SLICE_X31Y104        LUT5 (Prop_lut5_I0_O)        0.124    16.134 r  WRITE_CONTROL_I/DATA_OUT[5]_i_1/O
                         net (fo=1, routed)           0.000    16.134    ROM_CHAR_I/D[5]
    SLICE_X31Y104        FDRE                                         r  ROM_CHAR_I/DATA_OUT_reg[5]/D
  -------------------------------------------------------------------    -------------------

                         (clock sys_clk_pin rise edge)
                                                     10.000    10.000 r  
    E3                                                0.000    10.000 r  clk (IN)
                         net (fo=0)                   0.000    10.000    clk
    E3                   IBUF (Prop_ibuf_I_O)         1.411    11.411 r  clk_IBUF_inst/O
                         net (fo=1, routed)           1.920    13.331    clk_IBUF
    BUFGCTRL_X0Y16       BUFG (Prop_bufg_I_O)         0.091    13.422 r  clk_IBUF_BUFG_inst/O
                         net (fo=463, routed)         1.504    14.926    ROM_CHAR_I/clk_IBUF_BUFG
    SLICE_X31Y104        FDRE                                         r  ROM_CHAR_I/DATA_OUT_reg[5]/C
                         clock pessimism              0.259    15.185    
                         clock uncertainty           -0.035    15.150    
    SLICE_X31Y104        FDRE (Setup_fdre_C_D)        0.031    15.181    ROM_CHAR_I/DATA_OUT_reg[5]
  -------------------------------------------------------------------
                         required time                         15.181    
                         arrival time                         -16.134    
  -------------------------------------------------------------------
                         slack                                 -0.953    





Min Delay Paths
--------------------------------------------------------------------------------------
Slack (MET) :             0.062ns  (arrival time - required time)
  Source:                 ECRAN/user_addr_reg[9]/C
                            (rising edge-triggered cell FDRE clocked by sys_clk_pin  {rise@0.000ns fall@5.000ns period=10.000ns})
  Destination:            ECRAN/bitmap_reg_2/ADDRARDADDR[11]
                            (rising edge-triggered cell RAMB36E1 clocked by sys_clk_pin  {rise@0.000ns fall@5.000ns period=10.000ns})
  Path Group:             sys_clk_pin
  Path Type:              Hold (Min at Fast Process Corner)
  Requirement:            0.000ns  (sys_clk_pin rise@0.000ns - sys_clk_pin rise@0.000ns)
  Data Path Delay:        0.299ns  (logic 0.141ns (47.203%)  route 0.158ns (52.797%))
  Logic Levels:           0  
  Clock Path Skew:        0.053ns (DCD - SCD - CPR)
    Destination Clock Delay (DCD):    2.038ns
    Source Clock Delay      (SCD):    1.484ns
    Clock Pessimism Removal (CPR):    0.500ns

    Location             Delay type                Incr(ns)  Path(ns)    Netlist Resource(s)
  -------------------------------------------------------------------    -------------------
                         (clock sys_clk_pin rise edge)
                                                      0.000     0.000 r  
    E3                                                0.000     0.000 r  clk (IN)
                         net (fo=0)                   0.000     0.000    clk
    E3                   IBUF (Prop_ibuf_I_O)         0.250     0.250 r  clk_IBUF_inst/O
                         net (fo=1, routed)           0.644     0.894    clk_IBUF
    BUFGCTRL_X0Y16       BUFG (Prop_bufg_I_O)         0.026     0.920 r  clk_IBUF_BUFG_inst/O
                         net (fo=463, routed)         0.565     1.484    ECRAN/clk_IBUF_BUFG
    SLICE_X9Y71          FDRE                                         r  ECRAN/user_addr_reg[9]/C
  -------------------------------------------------------------------    -------------------
    SLICE_X9Y71          FDRE (Prop_fdre_C_Q)         0.141     1.625 r  ECRAN/user_addr_reg[9]/Q
                         net (fo=4, routed)           0.158     1.783    ECRAN/user_addr[9]
    RAMB36_X0Y14         RAMB36E1                                     r  ECRAN/bitmap_reg_2/ADDRARDADDR[11]
  -------------------------------------------------------------------    -------------------

                         (clock sys_clk_pin rise edge)
                                                      0.000     0.000 r  
    E3                                                0.000     0.000 r  clk (IN)
                         net (fo=0)                   0.000     0.000    clk
    E3                   IBUF (Prop_ibuf_I_O)         0.438     0.438 r  clk_IBUF_inst/O
                         net (fo=1, routed)           0.699     1.136    clk_IBUF
    BUFGCTRL_X0Y16       BUFG (Prop_bufg_I_O)         0.029     1.165 r  clk_IBUF_BUFG_inst/O
                         net (fo=463, routed)         0.873     2.038    ECRAN/clk_IBUF_BUFG
    RAMB36_X0Y14         RAMB36E1                                     r  ECRAN/bitmap_reg_2/CLKARDCLK
                         clock pessimism             -0.500     1.538    
    RAMB36_X0Y14         RAMB36E1 (Hold_ramb36e1_CLKARDCLK_ADDRARDADDR[11])
                                                      0.183     1.721    ECRAN/bitmap_reg_2
  -------------------------------------------------------------------
                         required time                         -1.721    
                         arrival time                           1.783    
  -------------------------------------------------------------------
                         slack                                  0.062    

Slack (MET) :             0.087ns  (arrival time - required time)
  Source:                 ECRAN/user_addr_reg[6]/C
                            (rising edge-triggered cell FDRE clocked by sys_clk_pin  {rise@0.000ns fall@5.000ns period=10.000ns})
  Destination:            ECRAN/bitmap_reg_2/ADDRARDADDR[8]
                            (rising edge-triggered cell RAMB36E1 clocked by sys_clk_pin  {rise@0.000ns fall@5.000ns period=10.000ns})
  Path Group:             sys_clk_pin
  Path Type:              Hold (Min at Fast Process Corner)
  Requirement:            0.000ns  (sys_clk_pin rise@0.000ns - sys_clk_pin rise@0.000ns)
  Data Path Delay:        0.322ns  (logic 0.164ns (50.911%)  route 0.158ns (49.089%))
  Logic Levels:           0  
  Clock Path Skew:        0.052ns (DCD - SCD - CPR)
    Destination Clock Delay (DCD):    2.038ns
    Source Clock Delay      (SCD):    1.485ns
    Clock Pessimism Removal (CPR):    0.500ns

    Location             Delay type                Incr(ns)  Path(ns)    Netlist Resource(s)
  -------------------------------------------------------------------    -------------------
                         (clock sys_clk_pin rise edge)
                                                      0.000     0.000 r  
    E3                                                0.000     0.000 r  clk (IN)
                         net (fo=0)                   0.000     0.000    clk
    E3                   IBUF (Prop_ibuf_I_O)         0.250     0.250 r  clk_IBUF_inst/O
                         net (fo=1, routed)           0.644     0.894    clk_IBUF
    BUFGCTRL_X0Y16       BUFG (Prop_bufg_I_O)         0.026     0.920 r  clk_IBUF_BUFG_inst/O
                         net (fo=463, routed)         0.566     1.485    ECRAN/clk_IBUF_BUFG
    SLICE_X8Y70          FDRE                                         r  ECRAN/user_addr_reg[6]/C
  -------------------------------------------------------------------    -------------------
    SLICE_X8Y70          FDRE (Prop_fdre_C_Q)         0.164     1.649 r  ECRAN/user_addr_reg[6]/Q
                         net (fo=4, routed)           0.158     1.807    ECRAN/user_addr[6]
    RAMB36_X0Y14         RAMB36E1                                     r  ECRAN/bitmap_reg_2/ADDRARDADDR[8]
  -------------------------------------------------------------------    -------------------

                         (clock sys_clk_pin rise edge)
                                                      0.000     0.000 r  
    E3                                                0.000     0.000 r  clk (IN)
                         net (fo=0)                   0.000     0.000    clk
    E3                   IBUF (Prop_ibuf_I_O)         0.438     0.438 r  clk_IBUF_inst/O
                         net (fo=1, routed)           0.699     1.136    clk_IBUF
    BUFGCTRL_X0Y16       BUFG (Prop_bufg_I_O)         0.029     1.165 r  clk_IBUF_BUFG_inst/O
                         net (fo=463, routed)         0.873     2.038    ECRAN/clk_IBUF_BUFG
    RAMB36_X0Y14         RAMB36E1                                     r  ECRAN/bitmap_reg_2/CLKARDCLK
                         clock pessimism             -0.500     1.538    
    RAMB36_X0Y14         RAMB36E1 (Hold_ramb36e1_CLKARDCLK_ADDRARDADDR[8])
                                                      0.183     1.721    ECRAN/bitmap_reg_2
  -------------------------------------------------------------------
                         required time                         -1.721    
                         arrival time                           1.807    
  -------------------------------------------------------------------
                         slack                                  0.087    

Slack (MET) :             0.088ns  (arrival time - required time)
  Source:                 WRITE_CONTROL_I/addr_display_reg[12]/C
                            (rising edge-triggered cell FDRE clocked by sys_clk_pin  {rise@0.000ns fall@5.000ns period=10.000ns})
  Destination:            RAM_DISPLAY_I/memory_reg_3/ADDRARDADDR[14]
                            (rising edge-triggered cell RAMB36E1 clocked by sys_clk_pin  {rise@0.000ns fall@5.000ns period=10.000ns})
  Path Group:             sys_clk_pin
  Path Type:              Hold (Min at Fast Process Corner)
  Requirement:            0.000ns  (sys_clk_pin rise@0.000ns - sys_clk_pin rise@0.000ns)
  Data Path Delay:        0.577ns  (logic 0.164ns (28.410%)  route 0.413ns (71.590%))
  Logic Levels:           0  
  Clock Path Skew:        0.306ns (DCD - SCD - CPR)
    Destination Clock Delay (DCD):    2.047ns
    Source Clock Delay      (SCD):    1.495ns
    Clock Pessimism Removal (CPR):    0.245ns

    Location             Delay type                Incr(ns)  Path(ns)    Netlist Resource(s)
  -------------------------------------------------------------------    -------------------
                         (clock sys_clk_pin rise edge)
                                                      0.000     0.000 r  
    E3                                                0.000     0.000 r  clk (IN)
                         net (fo=0)                   0.000     0.000    clk
    E3                   IBUF (Prop_ibuf_I_O)         0.250     0.250 r  clk_IBUF_inst/O
                         net (fo=1, routed)           0.644     0.894    clk_IBUF
    BUFGCTRL_X0Y16       BUFG (Prop_bufg_I_O)         0.026     0.920 r  clk_IBUF_BUFG_inst/O
                         net (fo=463, routed)         0.576     1.495    WRITE_CONTROL_I/clk_IBUF_BUFG
    SLICE_X8Y98          FDRE                                         r  WRITE_CONTROL_I/addr_display_reg[12]/C
  -------------------------------------------------------------------    -------------------
    SLICE_X8Y98          FDRE (Prop_fdre_C_Q)         0.164     1.659 r  WRITE_CONTROL_I/addr_display_reg[12]/Q
                         net (fo=7, routed)           0.413     2.073    RAM_DISPLAY_I/ADDR_W[12]
    RAMB36_X0Y20         RAMB36E1                                     r  RAM_DISPLAY_I/memory_reg_3/ADDRARDADDR[14]
  -------------------------------------------------------------------    -------------------

                         (clock sys_clk_pin rise edge)
                                                      0.000     0.000 r  
    E3                                                0.000     0.000 r  clk (IN)
                         net (fo=0)                   0.000     0.000    clk
    E3                   IBUF (Prop_ibuf_I_O)         0.438     0.438 r  clk_IBUF_inst/O
                         net (fo=1, routed)           0.699     1.136    clk_IBUF
    BUFGCTRL_X0Y16       BUFG (Prop_bufg_I_O)         0.029     1.165 r  clk_IBUF_BUFG_inst/O
                         net (fo=463, routed)         0.882     2.047    RAM_DISPLAY_I/clk_IBUF_BUFG
    RAMB36_X0Y20         RAMB36E1                                     r  RAM_DISPLAY_I/memory_reg_3/CLKARDCLK
                         clock pessimism             -0.245     1.802    
    RAMB36_X0Y20         RAMB36E1 (Hold_ramb36e1_CLKARDCLK_ADDRARDADDR[14])
                                                      0.183     1.985    RAM_DISPLAY_I/memory_reg_3
  -------------------------------------------------------------------
                         required time                         -1.985    
                         arrival time                           2.073    
  -------------------------------------------------------------------
                         slack                                  0.088    

Slack (MET) :             0.104ns  (arrival time - required time)
  Source:                 FSM_PIXEL_I/ADDR_REG_reg[1]/C
                            (rising edge-triggered cell FDRE clocked by sys_clk_pin  {rise@0.000ns fall@5.000ns period=10.000ns})
  Destination:            RAM_DISPLAY_I/memory_reg_0/ADDRBWRADDR[3]
                            (rising edge-triggered cell RAMB36E1 clocked by sys_clk_pin  {rise@0.000ns fall@5.000ns period=10.000ns})
  Path Group:             sys_clk_pin
  Path Type:              Hold (Min at Fast Process Corner)
  Requirement:            0.000ns  (sys_clk_pin rise@0.000ns - sys_clk_pin rise@0.000ns)
  Data Path Delay:        0.345ns  (logic 0.164ns (47.596%)  route 0.181ns (52.404%))
  Logic Levels:           0  
  Clock Path Skew:        0.057ns (DCD - SCD - CPR)
    Destination Clock Delay (DCD):    2.052ns
    Source Clock Delay      (SCD):    1.494ns
    Clock Pessimism Removal (CPR):    0.500ns

    Location             Delay type                Incr(ns)  Path(ns)    Netlist Resource(s)
  -------------------------------------------------------------------    -------------------
                         (clock sys_clk_pin rise edge)
                                                      0.000     0.000 r  
    E3                                                0.000     0.000 r  clk (IN)
                         net (fo=0)                   0.000     0.000    clk
    E3                   IBUF (Prop_ibuf_I_O)         0.250     0.250 r  clk_IBUF_inst/O
                         net (fo=1, routed)           0.644     0.894    clk_IBUF
    BUFGCTRL_X0Y16       BUFG (Prop_bufg_I_O)         0.026     0.920 r  clk_IBUF_BUFG_inst/O
                         net (fo=463, routed)         0.575     1.494    FSM_PIXEL_I/clk_IBUF_BUFG
    SLICE_X8Y94          FDRE                                         r  FSM_PIXEL_I/ADDR_REG_reg[1]/C
  -------------------------------------------------------------------    -------------------
    SLICE_X8Y94          FDRE (Prop_fdre_C_Q)         0.164     1.658 r  FSM_PIXEL_I/ADDR_REG_reg[1]/Q
                         net (fo=5, routed)           0.181     1.839    RAM_DISPLAY_I/ADDRBWRADDR[1]
    RAMB36_X0Y18         RAMB36E1                                     r  RAM_DISPLAY_I/memory_reg_0/ADDRBWRADDR[3]
  -------------------------------------------------------------------    -------------------

                         (clock sys_clk_pin rise edge)
                                                      0.000     0.000 r  
    E3                                                0.000     0.000 r  clk (IN)
                         net (fo=0)                   0.000     0.000    clk
    E3                   IBUF (Prop_ibuf_I_O)         0.438     0.438 r  clk_IBUF_inst/O
                         net (fo=1, routed)           0.699     1.136    clk_IBUF
    BUFGCTRL_X0Y16       BUFG (Prop_bufg_I_O)         0.029     1.165 r  clk_IBUF_BUFG_inst/O
                         net (fo=463, routed)         0.887     2.052    RAM_DISPLAY_I/clk_IBUF_BUFG
    RAMB36_X0Y18         RAMB36E1                                     r  RAM_DISPLAY_I/memory_reg_0/CLKBWRCLK
                         clock pessimism             -0.500     1.552    
    RAMB36_X0Y18         RAMB36E1 (Hold_ramb36e1_CLKBWRCLK_ADDRBWRADDR[3])
                                                      0.183     1.735    RAM_DISPLAY_I/memory_reg_0
  -------------------------------------------------------------------
                         required time                         -1.735    
                         arrival time                           1.839    
  -------------------------------------------------------------------
                         slack                                  0.104    

Slack (MET) :             0.107ns  (arrival time - required time)
  Source:                 FSM_PIXEL_I/ADDR_REG_reg[6]/C
                            (rising edge-triggered cell FDRE clocked by sys_clk_pin  {rise@0.000ns fall@5.000ns period=10.000ns})
  Destination:            RAM_DISPLAY_I/memory_reg_3/ADDRBWRADDR[8]
                            (rising edge-triggered cell RAMB36E1 clocked by sys_clk_pin  {rise@0.000ns fall@5.000ns period=10.000ns})
  Path Group:             sys_clk_pin
  Path Type:              Hold (Min at Fast Process Corner)
  Requirement:            0.000ns  (sys_clk_pin rise@0.000ns - sys_clk_pin rise@0.000ns)
  Data Path Delay:        0.598ns  (logic 0.164ns (27.411%)  route 0.434ns (72.589%))
  Logic Levels:           0  
  Clock Path Skew:        0.308ns (DCD - SCD - CPR)
    Destination Clock Delay (DCD):    2.048ns
    Source Clock Delay      (SCD):    1.494ns
    Clock Pessimism Removal (CPR):    0.245ns

    Location             Delay type                Incr(ns)  Path(ns)    Netlist Resource(s)
  -------------------------------------------------------------------    -------------------
                         (clock sys_clk_pin rise edge)
                                                      0.000     0.000 r  
    E3                                                0.000     0.000 r  clk (IN)
                         net (fo=0)                   0.000     0.000    clk
    E3                   IBUF (Prop_ibuf_I_O)         0.250     0.250 r  clk_IBUF_inst/O
                         net (fo=1, routed)           0.644     0.894    clk_IBUF
    BUFGCTRL_X0Y16       BUFG (Prop_bufg_I_O)         0.026     0.920 r  clk_IBUF_BUFG_inst/O
                         net (fo=463, routed)         0.575     1.494    FSM_PIXEL_I/clk_IBUF_BUFG
    SLICE_X8Y95          FDRE                                         r  FSM_PIXEL_I/ADDR_REG_reg[6]/C
  -------------------------------------------------------------------    -------------------
    SLICE_X8Y95          FDRE (Prop_fdre_C_Q)         0.164     1.658 r  FSM_PIXEL_I/ADDR_REG_reg[6]/Q
                         net (fo=5, routed)           0.434     2.093    RAM_DISPLAY_I/ADDRBWRADDR[6]
    RAMB36_X0Y20         RAMB36E1                                     r  RAM_DISPLAY_I/memory_reg_3/ADDRBWRADDR[8]
  -------------------------------------------------------------------    -------------------

                         (clock sys_clk_pin rise edge)
                                                      0.000     0.000 r  
    E3                                                0.000     0.000 r  clk (IN)
                         net (fo=0)                   0.000     0.000    clk
    E3                   IBUF (Prop_ibuf_I_O)         0.438     0.438 r  clk_IBUF_inst/O
                         net (fo=1, routed)           0.699     1.136    clk_IBUF
    BUFGCTRL_X0Y16       BUFG (Prop_bufg_I_O)         0.029     1.165 r  clk_IBUF_BUFG_inst/O
                         net (fo=463, routed)         0.883     2.048    RAM_DISPLAY_I/clk_IBUF_BUFG
    RAMB36_X0Y20         RAMB36E1                                     r  RAM_DISPLAY_I/memory_reg_3/CLKBWRCLK
                         clock pessimism             -0.245     1.803    
    RAMB36_X0Y20         RAMB36E1 (Hold_ramb36e1_CLKBWRCLK_ADDRBWRADDR[8])
                                                      0.183     1.986    RAM_DISPLAY_I/memory_reg_3
  -------------------------------------------------------------------
                         required time                         -1.986    
                         arrival time                           2.093    
  -------------------------------------------------------------------
                         slack                                  0.107    

Slack (MET) :             0.116ns  (arrival time - required time)
  Source:                 WRITE_CONTROL_I/addr_display_reg[10]/C
                            (rising edge-triggered cell FDRE clocked by sys_clk_pin  {rise@0.000ns fall@5.000ns period=10.000ns})
  Destination:            RAM_DISPLAY_I/memory_reg_2/ADDRARDADDR[12]
                            (rising edge-triggered cell RAMB36E1 clocked by sys_clk_pin  {rise@0.000ns fall@5.000ns period=10.000ns})
  Path Group:             sys_clk_pin
  Path Type:              Hold (Min at Fast Process Corner)
  Requirement:            0.000ns  (sys_clk_pin rise@0.000ns - sys_clk_pin rise@0.000ns)
  Data Path Delay:        0.618ns  (logic 0.141ns (22.817%)  route 0.477ns (77.183%))
  Logic Levels:           0  
  Clock Path Skew:        0.319ns (DCD - SCD - CPR)
    Destination Clock Delay (DCD):    2.054ns
    Source Clock Delay      (SCD):    1.489ns
    Clock Pessimism Removal (CPR):    0.245ns

    Location             Delay type                Incr(ns)  Path(ns)    Netlist Resource(s)
  -------------------------------------------------------------------    -------------------
                         (clock sys_clk_pin rise edge)
                                                      0.000     0.000 r  
    E3                                                0.000     0.000 r  clk (IN)
                         net (fo=0)                   0.000     0.000    clk
    E3                   IBUF (Prop_ibuf_I_O)         0.250     0.250 r  clk_IBUF_inst/O
                         net (fo=1, routed)           0.644     0.894    clk_IBUF
    BUFGCTRL_X0Y16       BUFG (Prop_bufg_I_O)         0.026     0.920 r  clk_IBUF_BUFG_inst/O
                         net (fo=463, routed)         0.570     1.489    WRITE_CONTROL_I/clk_IBUF_BUFG
    SLICE_X9Y100         FDRE                                         r  WRITE_CONTROL_I/addr_display_reg[10]/C
  -------------------------------------------------------------------    -------------------
    SLICE_X9Y100         FDRE (Prop_fdre_C_Q)         0.141     1.630 r  WRITE_CONTROL_I/addr_display_reg[10]/Q
                         net (fo=7, routed)           0.477     2.107    RAM_DISPLAY_I/ADDR_W[10]
    RAMB36_X0Y19         RAMB36E1                                     r  RAM_DISPLAY_I/memory_reg_2/ADDRARDADDR[12]
  -------------------------------------------------------------------    -------------------

                         (clock sys_clk_pin rise edge)
                                                      0.000     0.000 r  
    E3                                                0.000     0.000 r  clk (IN)
                         net (fo=0)                   0.000     0.000    clk
    E3                   IBUF (Prop_ibuf_I_O)         0.438     0.438 r  clk_IBUF_inst/O
                         net (fo=1, routed)           0.699     1.136    clk_IBUF
    BUFGCTRL_X0Y16       BUFG (Prop_bufg_I_O)         0.029     1.165 r  clk_IBUF_BUFG_inst/O
                         net (fo=463, routed)         0.889     2.054    RAM_DISPLAY_I/clk_IBUF_BUFG
    RAMB36_X0Y19         RAMB36E1                                     r  RAM_DISPLAY_I/memory_reg_2/CLKARDCLK
                         clock pessimism             -0.245     1.809    
    RAMB36_X0Y19         RAMB36E1 (Hold_ramb36e1_CLKARDCLK_ADDRARDADDR[12])
                                                      0.183     1.992    RAM_DISPLAY_I/memory_reg_2
  -------------------------------------------------------------------
                         required time                         -1.992    
                         arrival time                           2.107    
  -------------------------------------------------------------------
                         slack                                  0.116    

Slack (MET) :             0.117ns  (arrival time - required time)
  Source:                 FSM_PIXEL_I/ADDR_REG_reg[11]/C
                            (rising edge-triggered cell FDRE clocked by sys_clk_pin  {rise@0.000ns fall@5.000ns period=10.000ns})
  Destination:            RAM_DISPLAY_I/memory_reg_2/ADDRBWRADDR[13]
                            (rising edge-triggered cell RAMB36E1 clocked by sys_clk_pin  {rise@0.000ns fall@5.000ns period=10.000ns})
  Path Group:             sys_clk_pin
  Path Type:              Hold (Min at Fast Process Corner)
  Requirement:            0.000ns  (sys_clk_pin rise@0.000ns - sys_clk_pin rise@0.000ns)
  Data Path Delay:        0.358ns  (logic 0.164ns (45.790%)  route 0.194ns (54.210%))
  Logic Levels:           0  
  Clock Path Skew:        0.058ns (DCD - SCD - CPR)
    Destination Clock Delay (DCD):    2.053ns
    Source Clock Delay      (SCD):    1.494ns
    Clock Pessimism Removal (CPR):    0.500ns

    Location             Delay type                Incr(ns)  Path(ns)    Netlist Resource(s)
  -------------------------------------------------------------------    -------------------
                         (clock sys_clk_pin rise edge)
                                                      0.000     0.000 r  
    E3                                                0.000     0.000 r  clk (IN)
                         net (fo=0)                   0.000     0.000    clk
    E3                   IBUF (Prop_ibuf_I_O)         0.250     0.250 r  clk_IBUF_inst/O
                         net (fo=1, routed)           0.644     0.894    clk_IBUF
    BUFGCTRL_X0Y16       BUFG (Prop_bufg_I_O)         0.026     0.920 r  clk_IBUF_BUFG_inst/O
                         net (fo=463, routed)         0.575     1.494    FSM_PIXEL_I/clk_IBUF_BUFG
    SLICE_X8Y96          FDRE                                         r  FSM_PIXEL_I/ADDR_REG_reg[11]/C
  -------------------------------------------------------------------    -------------------
    SLICE_X8Y96          FDRE (Prop_fdre_C_Q)         0.164     1.658 r  FSM_PIXEL_I/ADDR_REG_reg[11]/Q
                         net (fo=5, routed)           0.194     1.852    RAM_DISPLAY_I/ADDRBWRADDR[11]
    RAMB36_X0Y19         RAMB36E1                                     r  RAM_DISPLAY_I/memory_reg_2/ADDRBWRADDR[13]
  -------------------------------------------------------------------    -------------------

                         (clock sys_clk_pin rise edge)
                                                      0.000     0.000 r  
    E3                                                0.000     0.000 r  clk (IN)
                         net (fo=0)                   0.000     0.000    clk
    E3                   IBUF (Prop_ibuf_I_O)         0.438     0.438 r  clk_IBUF_inst/O
                         net (fo=1, routed)           0.699     1.136    clk_IBUF
    BUFGCTRL_X0Y16       BUFG (Prop_bufg_I_O)         0.029     1.165 r  clk_IBUF_BUFG_inst/O
                         net (fo=463, routed)         0.888     2.053    RAM_DISPLAY_I/clk_IBUF_BUFG
    RAMB36_X0Y19         RAMB36E1                                     r  RAM_DISPLAY_I/memory_reg_2/CLKBWRCLK
                         clock pessimism             -0.500     1.553    
    RAMB36_X0Y19         RAMB36E1 (Hold_ramb36e1_CLKBWRCLK_ADDRBWRADDR[13])
                                                      0.183     1.736    RAM_DISPLAY_I/memory_reg_2
  -------------------------------------------------------------------
                         required time                         -1.736    
                         arrival time                           1.852    
  -------------------------------------------------------------------
                         slack                                  0.117    

Slack (MET) :             0.118ns  (arrival time - required time)
  Source:                 ECRAN/user_addr_reg[8]/C
                            (rising edge-triggered cell FDRE clocked by sys_clk_pin  {rise@0.000ns fall@5.000ns period=10.000ns})
  Destination:            ECRAN/bitmap_reg_2/ADDRARDADDR[10]
                            (rising edge-triggered cell RAMB36E1 clocked by sys_clk_pin  {rise@0.000ns fall@5.000ns period=10.000ns})
  Path Group:             sys_clk_pin
  Path Type:              Hold (Min at Fast Process Corner)
  Requirement:            0.000ns  (sys_clk_pin rise@0.000ns - sys_clk_pin rise@0.000ns)
  Data Path Delay:        0.355ns  (logic 0.141ns (39.764%)  route 0.214ns (60.236%))
  Logic Levels:           0  
  Clock Path Skew:        0.053ns (DCD - SCD - CPR)
    Destination Clock Delay (DCD):    2.038ns
    Source Clock Delay      (SCD):    1.484ns
    Clock Pessimism Removal (CPR):    0.500ns

    Location             Delay type                Incr(ns)  Path(ns)    Netlist Resource(s)
  -------------------------------------------------------------------    -------------------
                         (clock sys_clk_pin rise edge)
                                                      0.000     0.000 r  
    E3                                                0.000     0.000 r  clk (IN)
                         net (fo=0)                   0.000     0.000    clk
    E3                   IBUF (Prop_ibuf_I_O)         0.250     0.250 r  clk_IBUF_inst/O
                         net (fo=1, routed)           0.644     0.894    clk_IBUF
    BUFGCTRL_X0Y16       BUFG (Prop_bufg_I_O)         0.026     0.920 r  clk_IBUF_BUFG_inst/O
                         net (fo=463, routed)         0.565     1.484    ECRAN/clk_IBUF_BUFG
    SLICE_X9Y71          FDRE                                         r  ECRAN/user_addr_reg[8]/C
  -------------------------------------------------------------------    -------------------
    SLICE_X9Y71          FDRE (Prop_fdre_C_Q)         0.141     1.625 r  ECRAN/user_addr_reg[8]/Q
                         net (fo=4, routed)           0.214     1.839    ECRAN/user_addr[8]
    RAMB36_X0Y14         RAMB36E1                                     r  ECRAN/bitmap_reg_2/ADDRARDADDR[10]
  -------------------------------------------------------------------    -------------------

                         (clock sys_clk_pin rise edge)
                                                      0.000     0.000 r  
    E3                                                0.000     0.000 r  clk (IN)
                         net (fo=0)                   0.000     0.000    clk
    E3                   IBUF (Prop_ibuf_I_O)         0.438     0.438 r  clk_IBUF_inst/O
                         net (fo=1, routed)           0.699     1.136    clk_IBUF
    BUFGCTRL_X0Y16       BUFG (Prop_bufg_I_O)         0.029     1.165 r  clk_IBUF_BUFG_inst/O
                         net (fo=463, routed)         0.873     2.038    ECRAN/clk_IBUF_BUFG
    RAMB36_X0Y14         RAMB36E1                                     r  ECRAN/bitmap_reg_2/CLKARDCLK
                         clock pessimism             -0.500     1.538    
    RAMB36_X0Y14         RAMB36E1 (Hold_ramb36e1_CLKARDCLK_ADDRARDADDR[10])
                                                      0.183     1.721    ECRAN/bitmap_reg_2
  -------------------------------------------------------------------
                         required time                         -1.721    
                         arrival time                           1.839    
  -------------------------------------------------------------------
                         slack                                  0.118    

Slack (MET) :             0.124ns  (arrival time - required time)
  Source:                 ECRAN/user_addr_reg[5]/C
                            (rising edge-triggered cell FDRE clocked by sys_clk_pin  {rise@0.000ns fall@5.000ns period=10.000ns})
  Destination:            ECRAN/bitmap_reg_2/ADDRARDADDR[7]
                            (rising edge-triggered cell RAMB36E1 clocked by sys_clk_pin  {rise@0.000ns fall@5.000ns period=10.000ns})
  Path Group:             sys_clk_pin
  Path Type:              Hold (Min at Fast Process Corner)
  Requirement:            0.000ns  (sys_clk_pin rise@0.000ns - sys_clk_pin rise@0.000ns)
  Data Path Delay:        0.359ns  (logic 0.141ns (39.276%)  route 0.218ns (60.724%))
  Logic Levels:           0  
  Clock Path Skew:        0.052ns (DCD - SCD - CPR)
    Destination Clock Delay (DCD):    2.038ns
    Source Clock Delay      (SCD):    1.485ns
    Clock Pessimism Removal (CPR):    0.500ns

    Location             Delay type                Incr(ns)  Path(ns)    Netlist Resource(s)
  -------------------------------------------------------------------    -------------------
                         (clock sys_clk_pin rise edge)
                                                      0.000     0.000 r  
    E3                                                0.000     0.000 r  clk (IN)
                         net (fo=0)                   0.000     0.000    clk
    E3                   IBUF (Prop_ibuf_I_O)         0.250     0.250 r  clk_IBUF_inst/O
                         net (fo=1, routed)           0.644     0.894    clk_IBUF
    BUFGCTRL_X0Y16       BUFG (Prop_bufg_I_O)         0.026     0.920 r  clk_IBUF_BUFG_inst/O
                         net (fo=463, routed)         0.566     1.485    ECRAN/clk_IBUF_BUFG
    SLICE_X9Y70          FDRE                                         r  ECRAN/user_addr_reg[5]/C
  -------------------------------------------------------------------    -------------------
    SLICE_X9Y70          FDRE (Prop_fdre_C_Q)         0.141     1.626 r  ECRAN/user_addr_reg[5]/Q
                         net (fo=4, routed)           0.218     1.844    ECRAN/user_addr[5]
    RAMB36_X0Y14         RAMB36E1                                     r  ECRAN/bitmap_reg_2/ADDRARDADDR[7]
  -------------------------------------------------------------------    -------------------

                         (clock sys_clk_pin rise edge)
                                                      0.000     0.000 r  
    E3                                                0.000     0.000 r  clk (IN)
                         net (fo=0)                   0.000     0.000    clk
    E3                   IBUF (Prop_ibuf_I_O)         0.438     0.438 r  clk_IBUF_inst/O
                         net (fo=1, routed)           0.699     1.136    clk_IBUF
    BUFGCTRL_X0Y16       BUFG (Prop_bufg_I_O)         0.029     1.165 r  clk_IBUF_BUFG_inst/O
                         net (fo=463, routed)         0.873     2.038    ECRAN/clk_IBUF_BUFG
    RAMB36_X0Y14         RAMB36E1                                     r  ECRAN/bitmap_reg_2/CLKARDCLK
                         clock pessimism             -0.500     1.538    
    RAMB36_X0Y14         RAMB36E1 (Hold_ramb36e1_CLKARDCLK_ADDRARDADDR[7])
                                                      0.183     1.721    ECRAN/bitmap_reg_2
  -------------------------------------------------------------------
                         required time                         -1.721    
                         arrival time                           1.844    
  -------------------------------------------------------------------
                         slack                                  0.124    

Slack (MET) :             0.127ns  (arrival time - required time)
  Source:                 WRITE_CONTROL_I/addr_display_reg[5]/C
                            (rising edge-triggered cell FDRE clocked by sys_clk_pin  {rise@0.000ns fall@5.000ns period=10.000ns})
  Destination:            RAM_DISPLAY_I/memory_reg_2/ADDRARDADDR[7]
                            (rising edge-triggered cell RAMB36E1 clocked by sys_clk_pin  {rise@0.000ns fall@5.000ns period=10.000ns})
  Path Group:             sys_clk_pin
  Path Type:              Hold (Min at Fast Process Corner)
  Requirement:            0.000ns  (sys_clk_pin rise@0.000ns - sys_clk_pin rise@0.000ns)
  Data Path Delay:        0.389ns  (logic 0.141ns (36.229%)  route 0.248ns (63.771%))
  Logic Levels:           0  
  Clock Path Skew:        0.079ns (DCD - SCD - CPR)
    Destination Clock Delay (DCD):    2.054ns
    Source Clock Delay      (SCD):    1.495ns
    Clock Pessimism Removal (CPR):    0.479ns

    Location             Delay type                Incr(ns)  Path(ns)    Netlist Resource(s)
  -------------------------------------------------------------------    -------------------
                         (clock sys_clk_pin rise edge)
                                                      0.000     0.000 r  
    E3                                                0.000     0.000 r  clk (IN)
                         net (fo=0)                   0.000     0.000    clk
    E3                   IBUF (Prop_ibuf_I_O)         0.250     0.250 r  clk_IBUF_inst/O
                         net (fo=1, routed)           0.644     0.894    clk_IBUF
    BUFGCTRL_X0Y16       BUFG (Prop_bufg_I_O)         0.026     0.920 r  clk_IBUF_BUFG_inst/O
                         net (fo=463, routed)         0.576     1.495    WRITE_CONTROL_I/clk_IBUF_BUFG
    SLICE_X11Y99         FDRE                                         r  WRITE_CONTROL_I/addr_display_reg[5]/C
  -------------------------------------------------------------------    -------------------
    SLICE_X11Y99         FDRE (Prop_fdre_C_Q)         0.141     1.636 r  WRITE_CONTROL_I/addr_display_reg[5]/Q
                         net (fo=8, routed)           0.248     1.885    RAM_DISPLAY_I/ADDR_W[5]
    RAMB36_X0Y19         RAMB36E1                                     r  RAM_DISPLAY_I/memory_reg_2/ADDRARDADDR[7]
  -------------------------------------------------------------------    -------------------

                         (clock sys_clk_pin rise edge)
                                                      0.000     0.000 r  
    E3                                                0.000     0.000 r  clk (IN)
                         net (fo=0)                   0.000     0.000    clk
    E3                   IBUF (Prop_ibuf_I_O)         0.438     0.438 r  clk_IBUF_inst/O
                         net (fo=1, routed)           0.699     1.136    clk_IBUF
    BUFGCTRL_X0Y16       BUFG (Prop_bufg_I_O)         0.029     1.165 r  clk_IBUF_BUFG_inst/O
                         net (fo=463, routed)         0.889     2.054    RAM_DISPLAY_I/clk_IBUF_BUFG
    RAMB36_X0Y19         RAMB36E1                                     r  RAM_DISPLAY_I/memory_reg_2/CLKARDCLK
                         clock pessimism             -0.479     1.575    
    RAMB36_X0Y19         RAMB36E1 (Hold_ramb36e1_CLKARDCLK_ADDRARDADDR[7])
                                                      0.183     1.758    RAM_DISPLAY_I/memory_reg_2
  -------------------------------------------------------------------
                         required time                         -1.758    
                         arrival time                           1.885    
  -------------------------------------------------------------------
                         slack                                  0.127    





Pulse Width Checks
--------------------------------------------------------------------------------------
Clock Name:         sys_clk_pin
Waveform(ns):       { 0.000 5.000 }
Period(ns):         10.000
Sources:            { clk }

Check Type        Corner  Lib Pin             Reference Pin  Required(ns)  Actual(ns)  Slack(ns)  Location      Pin
Min Period        n/a     RAMB36E1/CLKARDCLK  n/a            2.944         10.000      7.056      RAMB36_X0Y16  ECRAN/bitmap_reg_0/CLKARDCLK
Min Period        n/a     RAMB36E1/CLKARDCLK  n/a            2.944         10.000      7.056      RAMB36_X0Y15  ECRAN/bitmap_reg_1/CLKARDCLK
Min Period        n/a     RAMB36E1/CLKARDCLK  n/a            2.944         10.000      7.056      RAMB36_X0Y14  ECRAN/bitmap_reg_2/CLKARDCLK
Min Period        n/a     RAMB36E1/CLKARDCLK  n/a            2.944         10.000      7.056      RAMB36_X0Y17  ECRAN/bitmap_reg_3/CLKARDCLK
Min Period        n/a     RAMB36E1/CLKARDCLK  n/a            2.944         10.000      7.056      RAMB36_X0Y18  RAM_DISPLAY_I/memory_reg_0/CLKARDCLK
Min Period        n/a     RAMB36E1/CLKARDCLK  n/a            2.944         10.000      7.056      RAMB36_X0Y21  RAM_DISPLAY_I/memory_reg_1/CLKARDCLK
Min Period        n/a     RAMB36E1/CLKARDCLK  n/a            2.944         10.000      7.056      RAMB36_X0Y19  RAM_DISPLAY_I/memory_reg_2/CLKARDCLK
Min Period        n/a     RAMB36E1/CLKARDCLK  n/a            2.944         10.000      7.056      RAMB36_X0Y20  RAM_DISPLAY_I/memory_reg_3/CLKARDCLK
Min Period        n/a     RAMB36E1/CLKBWRCLK  n/a            2.576         10.000      7.424      RAMB36_X0Y16  ECRAN/bitmap_reg_0/CLKBWRCLK
Min Period        n/a     RAMB36E1/CLKBWRCLK  n/a            2.576         10.000      7.424      RAMB36_X0Y15  ECRAN/bitmap_reg_1/CLKBWRCLK
Low Pulse Width   Slow    FDRE/C              n/a            0.500         5.000       4.500      SLICE_X3Y81   ECRAN/OLED_FSM_reg[0]/C
Low Pulse Width   Fast    FDRE/C              n/a            0.500         5.000       4.500      SLICE_X3Y81   ECRAN/OLED_FSM_reg[0]/C
Low Pulse Width   Slow    FDRE/C              n/a            0.500         5.000       4.500      SLICE_X3Y81   ECRAN/OLED_FSM_reg[1]/C
Low Pulse Width   Fast    FDRE/C              n/a            0.500         5.000       4.500      SLICE_X3Y81   ECRAN/OLED_FSM_reg[1]/C
Low Pulse Width   Slow    FDRE/C              n/a            0.500         5.000       4.500      SLICE_X3Y81   ECRAN/OLED_FSM_reg[2]/C
Low Pulse Width   Fast    FDRE/C              n/a            0.500         5.000       4.500      SLICE_X3Y81   ECRAN/OLED_FSM_reg[2]/C
Low Pulse Width   Slow    FDRE/C              n/a            0.500         5.000       4.500      SLICE_X3Y81   ECRAN/OLED_FSM_reg[3]/C
Low Pulse Width   Fast    FDRE/C              n/a            0.500         5.000       4.500      SLICE_X3Y81   ECRAN/OLED_FSM_reg[3]/C
Low Pulse Width   Slow    FDRE/C              n/a            0.500         5.000       4.500      SLICE_X2Y80   ECRAN/OLED_FSM_reg[4]/C
Low Pulse Width   Fast    FDRE/C              n/a            0.500         5.000       4.500      SLICE_X2Y80   ECRAN/OLED_FSM_reg[4]/C
High Pulse Width  Slow    FDRE/C              n/a            0.500         5.000       4.500      SLICE_X3Y81   ECRAN/OLED_FSM_reg[0]/C
High Pulse Width  Fast    FDRE/C              n/a            0.500         5.000       4.500      SLICE_X3Y81   ECRAN/OLED_FSM_reg[0]/C
High Pulse Width  Slow    FDRE/C              n/a            0.500         5.000       4.500      SLICE_X3Y81   ECRAN/OLED_FSM_reg[1]/C
High Pulse Width  Fast    FDRE/C              n/a            0.500         5.000       4.500      SLICE_X3Y81   ECRAN/OLED_FSM_reg[1]/C
High Pulse Width  Slow    FDRE/C              n/a            0.500         5.000       4.500      SLICE_X3Y81   ECRAN/OLED_FSM_reg[2]/C
High Pulse Width  Fast    FDRE/C              n/a            0.500         5.000       4.500      SLICE_X3Y81   ECRAN/OLED_FSM_reg[2]/C
High Pulse Width  Slow    FDRE/C              n/a            0.500         5.000       4.500      SLICE_X3Y81   ECRAN/OLED_FSM_reg[3]/C
High Pulse Width  Fast    FDRE/C              n/a            0.500         5.000       4.500      SLICE_X3Y81   ECRAN/OLED_FSM_reg[3]/C
High Pulse Width  Slow    FDRE/C              n/a            0.500         5.000       4.500      SLICE_X2Y80   ECRAN/OLED_FSM_reg[4]/C
High Pulse Width  Fast    FDRE/C              n/a            0.500         5.000       4.500      SLICE_X2Y80   ECRAN/OLED_FSM_reg[4]/C



--------------------------------------------------------------------------------------
Path Group:  (none)
From Clock:  sys_clk_pin
  To Clock:  

Max Delay            33 Endpoints
Min Delay            33 Endpoints
--------------------------------------------------------------------------------------


Max Delay Paths
--------------------------------------------------------------------------------------
Slack:                    inf
  Source:                 LUMINOSITE/top_ALS/LED_reg[7]/C
                            (rising edge-triggered cell FDRE clocked by sys_clk_pin  {rise@0.000ns fall@5.000ns period=10.000ns})
  Destination:            LED17_R
                            (output port)
  Path Group:             (none)
  Path Type:              Max at Slow Process Corner
  Data Path Delay:        14.994ns  (logic 5.221ns (34.820%)  route 9.773ns (65.180%))
  Logic Levels:           6  (CARRY4=1 LUT3=1 LUT4=1 LUT6=2 OBUF=1)
  Clock Uncertainty:      0.025ns  ((TSJ^2 + TIJ^2)^1/2 + DJ) / 2 + PE
    Total System Jitter     (TSJ):    0.050ns
    Total Input Jitter      (TIJ):    0.000ns
    Discrete Jitter          (DJ):    0.000ns
    Phase Error              (PE):    0.000ns

    Location             Delay type                Incr(ns)  Path(ns)    Netlist Resource(s)
  -------------------------------------------------------------------    -------------------
                         (clock sys_clk_pin rise edge)
                                                      0.000     0.000 r  
    E3                                                0.000     0.000 r  clk (IN)
                         net (fo=0)                   0.000     0.000    clk
    E3                   IBUF (Prop_ibuf_I_O)         1.482     1.482 r  clk_IBUF_inst/O
                         net (fo=1, routed)           2.025     3.506    clk_IBUF
    BUFGCTRL_X0Y16       BUFG (Prop_bufg_I_O)         0.096     3.602 r  clk_IBUF_BUFG_inst/O
                         net (fo=463, routed)         1.711     5.313    LUMINOSITE/top_ALS/clk_IBUF_BUFG
    SLICE_X86Y136        FDRE                                         r  LUMINOSITE/top_ALS/LED_reg[7]/C
  -------------------------------------------------------------------    -------------------
    SLICE_X86Y136        FDRE (Prop_fdre_C_Q)         0.456     5.769 r  LUMINOSITE/top_ALS/LED_reg[7]/Q
                         net (fo=51, routed)          1.798     7.567    LUMINOSITE/top_ALS/LED_reg_n_0_[7]
    SLICE_X83Y133        LUT3 (Prop_lut3_I2_O)        0.118     7.685 f  LUMINOSITE/top_ALS/LED_OBUF[15]_inst_i_2/O
                         net (fo=1, routed)           0.458     8.143    LUMINOSITE/top_ALS/LED_OBUF[15]_inst_i_2_n_0
    SLICE_X84Y136        LUT6 (Prop_lut6_I0_O)        0.326     8.469 r  LUMINOSITE/top_ALS/LED_OBUF[15]_inst_i_1/O
                         net (fo=7, routed)           1.015     9.484    LUMINOSITE/top_ALS/LED_OBUF[14]
    SLICE_X84Y131        LUT6 (Prop_lut6_I0_O)        0.124     9.608 r  LUMINOSITE/top_ALS/ltOp_carry_i_12/O
                         net (fo=2, routed)           0.706    10.314    LUMINOSITE/top_ALS/LED_reg[7]_6
    SLICE_X85Y131        LUT4 (Prop_lut4_I2_O)        0.124    10.438 r  LUMINOSITE/top_ALS/ltOp_carry_i_7__1/O
                         net (fo=1, routed)           0.000    10.438    LUMINOSITE/ge_RGB/pwm17_r/LED17_R[1]
    SLICE_X85Y131        CARRY4 (Prop_carry4_S[1]_CO[3])
                                                      0.550    10.988 r  LUMINOSITE/ge_RGB/pwm17_r/ltOp_carry/CO[3]
                         net (fo=1, routed)           5.796    16.784    LED17_R_OBUF
    N16                  OBUF (Prop_obuf_I_O)         3.523    20.307 r  LED17_R_OBUF_inst/O
                         net (fo=0)                   0.000    20.307    LED17_R
    N16                                                               r  LED17_R (OUT)
  -------------------------------------------------------------------    -------------------

Slack:                    inf
  Source:                 LUMINOSITE/top_ALS/LED_reg[7]/C
                            (rising edge-triggered cell FDRE clocked by sys_clk_pin  {rise@0.000ns fall@5.000ns period=10.000ns})
  Destination:            LED17_G
                            (output port)
  Path Group:             (none)
  Path Type:              Max at Slow Process Corner
  Data Path Delay:        14.693ns  (logic 5.089ns (34.636%)  route 9.604ns (65.364%))
  Logic Levels:           6  (CARRY4=1 LUT3=2 LUT6=2 OBUF=1)
  Clock Uncertainty:      0.025ns  ((TSJ^2 + TIJ^2)^1/2 + DJ) / 2 + PE
    Total System Jitter     (TSJ):    0.050ns
    Total Input Jitter      (TIJ):    0.000ns
    Discrete Jitter          (DJ):    0.000ns
    Phase Error              (PE):    0.000ns

    Location             Delay type                Incr(ns)  Path(ns)    Netlist Resource(s)
  -------------------------------------------------------------------    -------------------
                         (clock sys_clk_pin rise edge)
                                                      0.000     0.000 r  
    E3                                                0.000     0.000 r  clk (IN)
                         net (fo=0)                   0.000     0.000    clk
    E3                   IBUF (Prop_ibuf_I_O)         1.482     1.482 r  clk_IBUF_inst/O
                         net (fo=1, routed)           2.025     3.506    clk_IBUF
    BUFGCTRL_X0Y16       BUFG (Prop_bufg_I_O)         0.096     3.602 r  clk_IBUF_BUFG_inst/O
                         net (fo=463, routed)         1.711     5.313    LUMINOSITE/top_ALS/clk_IBUF_BUFG
    SLICE_X86Y136        FDRE                                         r  LUMINOSITE/top_ALS/LED_reg[7]/C
  -------------------------------------------------------------------    -------------------
    SLICE_X86Y136        FDRE (Prop_fdre_C_Q)         0.456     5.769 f  LUMINOSITE/top_ALS/LED_reg[7]/Q
                         net (fo=51, routed)          1.798     7.567    LUMINOSITE/top_ALS/LED_reg_n_0_[7]
    SLICE_X83Y133        LUT3 (Prop_lut3_I2_O)        0.118     7.685 r  LUMINOSITE/top_ALS/LED_OBUF[15]_inst_i_2/O
                         net (fo=1, routed)           0.458     8.143    LUMINOSITE/top_ALS/LED_OBUF[15]_inst_i_2_n_0
    SLICE_X84Y136        LUT6 (Prop_lut6_I0_O)        0.326     8.469 f  LUMINOSITE/top_ALS/LED_OBUF[15]_inst_i_1/O
                         net (fo=7, routed)           1.033     9.502    LUMINOSITE/top_ALS/LED_OBUF[14]
    SLICE_X82Y132        LUT6 (Prop_lut6_I5_O)        0.124     9.626 r  LUMINOSITE/top_ALS/ltOp_carry_i_10__0/O
                         net (fo=2, routed)           1.044    10.670    LUMINOSITE/top_ALS/LED_reg[6]_2
    SLICE_X83Y132        LUT3 (Prop_lut3_I1_O)        0.124    10.794 r  LUMINOSITE/top_ALS/ltOp_carry_i_5__1/O
                         net (fo=1, routed)           0.000    10.794    LUMINOSITE/ge_RGB/pwm17_g/LED17_G[3]
    SLICE_X83Y132        CARRY4 (Prop_carry4_S[3]_CO[3])
                                                      0.401    11.195 r  LUMINOSITE/ge_RGB/pwm17_g/ltOp_carry/CO[3]
                         net (fo=1, routed)           5.272    16.466    LED17_G_OBUF
    R11                  OBUF (Prop_obuf_I_O)         3.540    20.007 r  LED17_G_OBUF_inst/O
                         net (fo=0)                   0.000    20.007    LED17_G
    R11                                                               r  LED17_G (OUT)
  -------------------------------------------------------------------    -------------------

Slack:                    inf
  Source:                 LUMINOSITE/top_ALS/LED_reg[3]/C
                            (rising edge-triggered cell FDRE clocked by sys_clk_pin  {rise@0.000ns fall@5.000ns period=10.000ns})
  Destination:            LED16_G
                            (output port)
  Path Group:             (none)
  Path Type:              Max at Slow Process Corner
  Data Path Delay:        14.514ns  (logic 5.021ns (34.594%)  route 9.493ns (65.406%))
  Logic Levels:           5  (CARRY4=1 LUT3=1 LUT5=1 LUT6=1 OBUF=1)
  Clock Uncertainty:      0.025ns  ((TSJ^2 + TIJ^2)^1/2 + DJ) / 2 + PE
    Total System Jitter     (TSJ):    0.050ns
    Total Input Jitter      (TIJ):    0.000ns
    Discrete Jitter          (DJ):    0.000ns
    Phase Error              (PE):    0.000ns

    Location             Delay type                Incr(ns)  Path(ns)    Netlist Resource(s)
  -------------------------------------------------------------------    -------------------
                         (clock sys_clk_pin rise edge)
                                                      0.000     0.000 r  
    E3                                                0.000     0.000 r  clk (IN)
                         net (fo=0)                   0.000     0.000    clk
    E3                   IBUF (Prop_ibuf_I_O)         1.482     1.482 r  clk_IBUF_inst/O
                         net (fo=1, routed)           2.025     3.506    clk_IBUF
    BUFGCTRL_X0Y16       BUFG (Prop_bufg_I_O)         0.096     3.602 r  clk_IBUF_BUFG_inst/O
                         net (fo=463, routed)         1.709     5.311    LUMINOSITE/top_ALS/clk_IBUF_BUFG
    SLICE_X84Y136        FDRE                                         r  LUMINOSITE/top_ALS/LED_reg[3]/C
  -------------------------------------------------------------------    -------------------
    SLICE_X84Y136        FDRE (Prop_fdre_C_Q)         0.518     5.829 r  LUMINOSITE/top_ALS/LED_reg[3]/Q
                         net (fo=4, routed)           0.823     6.653    LUMINOSITE/top_ALS/LED_reg_n_0_[3]
    SLICE_X84Y136        LUT5 (Prop_lut5_I2_O)        0.146     6.799 r  LUMINOSITE/top_ALS/LED_OBUF[14]_inst_i_2/O
                         net (fo=11, routed)          1.483     8.282    LUMINOSITE/top_ALS/LED_OBUF[14]_inst_i_2_n_0
    SLICE_X83Y129        LUT3 (Prop_lut3_I0_O)        0.328     8.610 f  LUMINOSITE/top_ALS/ltOp_carry_i_9__1/O
                         net (fo=2, routed)           0.819     9.428    LUMINOSITE/top_ALS/ltOp_carry_i_9__1_n_0
    SLICE_X83Y130        LUT6 (Prop_lut6_I3_O)        0.124     9.552 r  LUMINOSITE/top_ALS/ltOp_carry_i_1/O
                         net (fo=1, routed)           0.520    10.073    LUMINOSITE/ge_RGB/pwm16_g/DI[3]
    SLICE_X83Y131        CARRY4 (Prop_carry4_DI[3]_CO[3])
                                                      0.385    10.458 r  LUMINOSITE/ge_RGB/pwm16_g/ltOp_carry/CO[3]
                         net (fo=1, routed)           5.847    16.305    LED16_G_OBUF
    M16                  OBUF (Prop_obuf_I_O)         3.520    19.825 r  LED16_G_OBUF_inst/O
                         net (fo=0)                   0.000    19.825    LED16_G
    M16                                                               r  LED16_G (OUT)
  -------------------------------------------------------------------    -------------------

Slack:                    inf
  Source:                 LUMINOSITE/top_ALS/LED_reg[0]/C
                            (rising edge-triggered cell FDRE clocked by sys_clk_pin  {rise@0.000ns fall@5.000ns period=10.000ns})
  Destination:            LED16_R
                            (output port)
  Path Group:             (none)
  Path Type:              Max at Slow Process Corner
  Data Path Delay:        14.309ns  (logic 5.155ns (36.028%)  route 9.154ns (63.972%))
  Logic Levels:           5  (CARRY4=1 LUT3=1 LUT4=1 LUT5=1 OBUF=1)
  Clock Uncertainty:      0.025ns  ((TSJ^2 + TIJ^2)^1/2 + DJ) / 2 + PE
    Total System Jitter     (TSJ):    0.050ns
    Total Input Jitter      (TIJ):    0.000ns
    Discrete Jitter          (DJ):    0.000ns
    Phase Error              (PE):    0.000ns

    Location             Delay type                Incr(ns)  Path(ns)    Netlist Resource(s)
  -------------------------------------------------------------------    -------------------
                         (clock sys_clk_pin rise edge)
                                                      0.000     0.000 r  
    E3                                                0.000     0.000 r  clk (IN)
                         net (fo=0)                   0.000     0.000    clk
    E3                   IBUF (Prop_ibuf_I_O)         1.482     1.482 r  clk_IBUF_inst/O
                         net (fo=1, routed)           2.025     3.506    clk_IBUF
    BUFGCTRL_X0Y16       BUFG (Prop_bufg_I_O)         0.096     3.602 r  clk_IBUF_BUFG_inst/O
                         net (fo=463, routed)         1.709     5.311    LUMINOSITE/top_ALS/clk_IBUF_BUFG
    SLICE_X84Y136        FDRE                                         r  LUMINOSITE/top_ALS/LED_reg[0]/C
  -------------------------------------------------------------------    -------------------
    SLICE_X84Y136        FDRE (Prop_fdre_C_Q)         0.518     5.829 f  LUMINOSITE/top_ALS/LED_reg[0]/Q
                         net (fo=4, routed)           1.069     6.898    LUMINOSITE/top_ALS/LED_reg_n_0_[0]
    SLICE_X84Y136        LUT4 (Prop_lut4_I3_O)        0.124     7.022 r  LUMINOSITE/top_ALS/LED16_B_OBUF_inst_i_4/O
                         net (fo=28, routed)          1.326     8.349    LUMINOSITE/top_ALS/LED16_B_OBUF_inst_i_4_n_0
    SLICE_X86Y130        LUT5 (Prop_lut5_I1_O)        0.152     8.501 r  LUMINOSITE/top_ALS/ltOp_carry_i_15__1/O
                         net (fo=2, routed)           0.821     9.321    LUMINOSITE/top_ALS/LED_reg[4]_0
    SLICE_X84Y130        LUT3 (Prop_lut3_I1_O)        0.332     9.653 r  LUMINOSITE/top_ALS/ltOp_carry_i_8/O
                         net (fo=1, routed)           0.000     9.653    LUMINOSITE/ge_RGB/pwm16_r/S[0]
    SLICE_X84Y130        CARRY4 (Prop_carry4_S[0]_CO[3])
                                                      0.513    10.166 r  LUMINOSITE/ge_RGB/pwm16_r/ltOp_carry/CO[3]
                         net (fo=1, routed)           5.938    16.104    LED16_R_OBUF
    N15                  OBUF (Prop_obuf_I_O)         3.516    19.621 r  LED16_R_OBUF_inst/O
                         net (fo=0)                   0.000    19.621    LED16_R
    N15                                                               r  LED16_R (OUT)
  -------------------------------------------------------------------    -------------------

Slack:                    inf
  Source:                 LUMINOSITE/top_ALS/LED_reg[7]/C
                            (rising edge-triggered cell FDRE clocked by sys_clk_pin  {rise@0.000ns fall@5.000ns period=10.000ns})
  Destination:            LED[15]
                            (output port)
  Path Group:             (none)
  Path Type:              Max at Slow Process Corner
  Data Path Delay:        13.079ns  (logic 4.469ns (34.169%)  route 8.610ns (65.831%))
  Logic Levels:           3  (LUT3=1 LUT6=1 OBUF=1)
  Clock Uncertainty:      0.025ns  ((TSJ^2 + TIJ^2)^1/2 + DJ) / 2 + PE
    Total System Jitter     (TSJ):    0.050ns
    Total Input Jitter      (TIJ):    0.000ns
    Discrete Jitter          (DJ):    0.000ns
    Phase Error              (PE):    0.000ns

    Location             Delay type                Incr(ns)  Path(ns)    Netlist Resource(s)
  -------------------------------------------------------------------    -------------------
                         (clock sys_clk_pin rise edge)
                                                      0.000     0.000 r  
    E3                                                0.000     0.000 r  clk (IN)
                         net (fo=0)                   0.000     0.000    clk
    E3                   IBUF (Prop_ibuf_I_O)         1.482     1.482 r  clk_IBUF_inst/O
                         net (fo=1, routed)           2.025     3.506    clk_IBUF
    BUFGCTRL_X0Y16       BUFG (Prop_bufg_I_O)         0.096     3.602 r  clk_IBUF_BUFG_inst/O
                         net (fo=463, routed)         1.711     5.313    LUMINOSITE/top_ALS/clk_IBUF_BUFG
    SLICE_X86Y136        FDRE                                         r  LUMINOSITE/top_ALS/LED_reg[7]/C
  -------------------------------------------------------------------    -------------------
    SLICE_X86Y136        FDRE (Prop_fdre_C_Q)         0.456     5.769 r  LUMINOSITE/top_ALS/LED_reg[7]/Q
                         net (fo=51, routed)          1.798     7.567    LUMINOSITE/top_ALS/LED_reg_n_0_[7]
    SLICE_X83Y133        LUT3 (Prop_lut3_I2_O)        0.118     7.685 f  LUMINOSITE/top_ALS/LED_OBUF[15]_inst_i_2/O
                         net (fo=1, routed)           0.458     8.143    LUMINOSITE/top_ALS/LED_OBUF[15]_inst_i_2_n_0
    SLICE_X84Y136        LUT6 (Prop_lut6_I0_O)        0.326     8.469 r  LUMINOSITE/top_ALS/LED_OBUF[15]_inst_i_1/O
                         net (fo=7, routed)           6.355    14.824    LED_OBUF[15]
    V11                  OBUF (Prop_obuf_I_O)         3.569    18.392 r  LED_OBUF[15]_inst/O
                         net (fo=0)                   0.000    18.392    LED[15]
    V11                                                               r  LED[15] (OUT)
  -------------------------------------------------------------------    -------------------

Slack:                    inf
  Source:                 LUMINOSITE/top_ALS/LED_reg[3]/C
                            (rising edge-triggered cell FDRE clocked by sys_clk_pin  {rise@0.000ns fall@5.000ns period=10.000ns})
  Destination:            LED16_B
                            (output port)
  Path Group:             (none)
  Path Type:              Max at Slow Process Corner
  Data Path Delay:        12.952ns  (logic 4.683ns (36.162%)  route 8.268ns (63.838%))
  Logic Levels:           4  (LUT4=1 LUT5=1 LUT6=1 OBUF=1)
  Clock Uncertainty:      0.025ns  ((TSJ^2 + TIJ^2)^1/2 + DJ) / 2 + PE
    Total System Jitter     (TSJ):    0.050ns
    Total Input Jitter      (TIJ):    0.000ns
    Discrete Jitter          (DJ):    0.000ns
    Phase Error              (PE):    0.000ns

    Location             Delay type                Incr(ns)  Path(ns)    Netlist Resource(s)
  -------------------------------------------------------------------    -------------------
                         (clock sys_clk_pin rise edge)
                                                      0.000     0.000 r  
    E3                                                0.000     0.000 r  clk (IN)
                         net (fo=0)                   0.000     0.000    clk
    E3                   IBUF (Prop_ibuf_I_O)         1.482     1.482 r  clk_IBUF_inst/O
                         net (fo=1, routed)           2.025     3.506    clk_IBUF
    BUFGCTRL_X0Y16       BUFG (Prop_bufg_I_O)         0.096     3.602 r  clk_IBUF_BUFG_inst/O
                         net (fo=463, routed)         1.709     5.311    LUMINOSITE/top_ALS/clk_IBUF_BUFG
    SLICE_X84Y136        FDRE                                         r  LUMINOSITE/top_ALS/LED_reg[3]/C
  -------------------------------------------------------------------    -------------------
    SLICE_X84Y136        FDRE (Prop_fdre_C_Q)         0.518     5.829 f  LUMINOSITE/top_ALS/LED_reg[3]/Q
                         net (fo=4, routed)           0.823     6.653    LUMINOSITE/top_ALS/LED_reg_n_0_[3]
    SLICE_X84Y136        LUT5 (Prop_lut5_I2_O)        0.146     6.799 f  LUMINOSITE/top_ALS/LED_OBUF[14]_inst_i_2/O
                         net (fo=11, routed)          1.505     8.303    LUMINOSITE/top_ALS/LED_OBUF[14]_inst_i_2_n_0
    SLICE_X82Y130        LUT4 (Prop_lut4_I2_O)        0.328     8.631 f  LUMINOSITE/top_ALS/LED_OBUF[12]_inst_i_2/O
                         net (fo=5, routed)           0.672     9.303    LUMINOSITE/ge_RGB/pwm16_r/LED17_B
    SLICE_X82Y131        LUT6 (Prop_lut6_I0_O)        0.124     9.427 r  LUMINOSITE/ge_RGB/pwm16_r/LED16_B_OBUF_inst_i_1/O
                         net (fo=1, routed)           5.269    14.695    LED16_B_OBUF
    R12                  OBUF (Prop_obuf_I_O)         3.567    18.263 r  LED16_B_OBUF_inst/O
                         net (fo=0)                   0.000    18.263    LED16_B
    R12                                                               r  LED16_B (OUT)
  -------------------------------------------------------------------    -------------------

Slack:                    inf
  Source:                 LUMINOSITE/top_ALS/LED_reg[3]/C
                            (rising edge-triggered cell FDRE clocked by sys_clk_pin  {rise@0.000ns fall@5.000ns period=10.000ns})
  Destination:            LED[12]
                            (output port)
  Path Group:             (none)
  Path Type:              Max at Slow Process Corner
  Data Path Delay:        12.775ns  (logic 4.544ns (35.569%)  route 8.231ns (64.431%))
  Logic Levels:           3  (LUT4=1 LUT5=1 OBUF=1)
  Clock Uncertainty:      0.025ns  ((TSJ^2 + TIJ^2)^1/2 + DJ) / 2 + PE
    Total System Jitter     (TSJ):    0.050ns
    Total Input Jitter      (TIJ):    0.000ns
    Discrete Jitter          (DJ):    0.000ns
    Phase Error              (PE):    0.000ns

    Location             Delay type                Incr(ns)  Path(ns)    Netlist Resource(s)
  -------------------------------------------------------------------    -------------------
                         (clock sys_clk_pin rise edge)
                                                      0.000     0.000 r  
    E3                                                0.000     0.000 r  clk (IN)
                         net (fo=0)                   0.000     0.000    clk
    E3                   IBUF (Prop_ibuf_I_O)         1.482     1.482 r  clk_IBUF_inst/O
                         net (fo=1, routed)           2.025     3.506    clk_IBUF
    BUFGCTRL_X0Y16       BUFG (Prop_bufg_I_O)         0.096     3.602 r  clk_IBUF_BUFG_inst/O
                         net (fo=463, routed)         1.709     5.311    LUMINOSITE/top_ALS/clk_IBUF_BUFG
    SLICE_X84Y136        FDRE                                         r  LUMINOSITE/top_ALS/LED_reg[3]/C
  -------------------------------------------------------------------    -------------------
    SLICE_X84Y136        FDRE (Prop_fdre_C_Q)         0.518     5.829 r  LUMINOSITE/top_ALS/LED_reg[3]/Q
                         net (fo=4, routed)           0.823     6.653    LUMINOSITE/top_ALS/LED_reg_n_0_[3]
    SLICE_X84Y136        LUT5 (Prop_lut5_I2_O)        0.146     6.799 r  LUMINOSITE/top_ALS/LED_OBUF[14]_inst_i_2/O
                         net (fo=11, routed)          1.505     8.303    LUMINOSITE/top_ALS/LED_OBUF[14]_inst_i_2_n_0
    SLICE_X82Y130        LUT4 (Prop_lut4_I2_O)        0.328     8.631 r  LUMINOSITE/top_ALS/LED_OBUF[12]_inst_i_2/O
                         net (fo=5, routed)           5.903    14.534    LED_OBUF[12]
    V15                  OBUF (Prop_obuf_I_O)         3.552    18.086 r  LED_OBUF[12]_inst/O
                         net (fo=0)                   0.000    18.086    LED[12]
    V15                                                               r  LED[12] (OUT)
  -------------------------------------------------------------------    -------------------

Slack:                    inf
  Source:                 LUMINOSITE/top_ALS/LED_reg[3]/C
                            (rising edge-triggered cell FDRE clocked by sys_clk_pin  {rise@0.000ns fall@5.000ns period=10.000ns})
  Destination:            LED[14]
                            (output port)
  Path Group:             (none)
  Path Type:              Max at Slow Process Corner
  Data Path Delay:        12.767ns  (logic 4.562ns (35.735%)  route 8.205ns (64.265%))
  Logic Levels:           3  (LUT4=1 LUT5=1 OBUF=1)
  Clock Uncertainty:      0.025ns  ((TSJ^2 + TIJ^2)^1/2 + DJ) / 2 + PE
    Total System Jitter     (TSJ):    0.050ns
    Total Input Jitter      (TIJ):    0.000ns
    Discrete Jitter          (DJ):    0.000ns
    Phase Error              (PE):    0.000ns

    Location             Delay type                Incr(ns)  Path(ns)    Netlist Resource(s)
  -------------------------------------------------------------------    -------------------
                         (clock sys_clk_pin rise edge)
                                                      0.000     0.000 r  
    E3                                                0.000     0.000 r  clk (IN)
                         net (fo=0)                   0.000     0.000    clk
    E3                   IBUF (Prop_ibuf_I_O)         1.482     1.482 r  clk_IBUF_inst/O
                         net (fo=1, routed)           2.025     3.506    clk_IBUF
    BUFGCTRL_X0Y16       BUFG (Prop_bufg_I_O)         0.096     3.602 r  clk_IBUF_BUFG_inst/O
                         net (fo=463, routed)         1.709     5.311    LUMINOSITE/top_ALS/clk_IBUF_BUFG
    SLICE_X84Y136        FDRE                                         r  LUMINOSITE/top_ALS/LED_reg[3]/C
  -------------------------------------------------------------------    -------------------
    SLICE_X84Y136        FDRE (Prop_fdre_C_Q)         0.518     5.829 r  LUMINOSITE/top_ALS/LED_reg[3]/Q
                         net (fo=4, routed)           0.823     6.653    LUMINOSITE/top_ALS/LED_reg_n_0_[3]
    SLICE_X84Y136        LUT5 (Prop_lut5_I2_O)        0.146     6.799 r  LUMINOSITE/top_ALS/LED_OBUF[14]_inst_i_2/O
                         net (fo=11, routed)          1.244     8.043    LUMINOSITE/top_ALS/LED_OBUF[14]_inst_i_2_n_0
    SLICE_X82Y128        LUT4 (Prop_lut4_I2_O)        0.328     8.371 r  LUMINOSITE/top_ALS/LED_OBUF[14]_inst_i_1/O
                         net (fo=3, routed)           6.137    14.508    LED_OBUF[14]
    V12                  OBUF (Prop_obuf_I_O)         3.570    18.078 r  LED_OBUF[14]_inst/O
                         net (fo=0)                   0.000    18.078    LED[14]
    V12                                                               r  LED[14] (OUT)
  -------------------------------------------------------------------    -------------------

Slack:                    inf
  Source:                 LUMINOSITE/top_ALS/LED_reg[3]/C
                            (rising edge-triggered cell FDRE clocked by sys_clk_pin  {rise@0.000ns fall@5.000ns period=10.000ns})
  Destination:            LED[9]
                            (output port)
  Path Group:             (none)
  Path Type:              Max at Slow Process Corner
  Data Path Delay:        12.650ns  (logic 4.553ns (35.993%)  route 8.097ns (64.007%))
  Logic Levels:           3  (LUT4=1 LUT5=1 OBUF=1)
  Clock Uncertainty:      0.025ns  ((TSJ^2 + TIJ^2)^1/2 + DJ) / 2 + PE
    Total System Jitter     (TSJ):    0.050ns
    Total Input Jitter      (TIJ):    0.000ns
    Discrete Jitter          (DJ):    0.000ns
    Phase Error              (PE):    0.000ns

    Location             Delay type                Incr(ns)  Path(ns)    Netlist Resource(s)
  -------------------------------------------------------------------    -------------------
                         (clock sys_clk_pin rise edge)
                                                      0.000     0.000 r  
    E3                                                0.000     0.000 r  clk (IN)
                         net (fo=0)                   0.000     0.000    clk
    E3                   IBUF (Prop_ibuf_I_O)         1.482     1.482 r  clk_IBUF_inst/O
                         net (fo=1, routed)           2.025     3.506    clk_IBUF
    BUFGCTRL_X0Y16       BUFG (Prop_bufg_I_O)         0.096     3.602 r  clk_IBUF_BUFG_inst/O
                         net (fo=463, routed)         1.709     5.311    LUMINOSITE/top_ALS/clk_IBUF_BUFG
    SLICE_X84Y136        FDRE                                         r  LUMINOSITE/top_ALS/LED_reg[3]/C
  -------------------------------------------------------------------    -------------------
    SLICE_X84Y136        FDRE (Prop_fdre_C_Q)         0.518     5.829 r  LUMINOSITE/top_ALS/LED_reg[3]/Q
                         net (fo=4, routed)           0.823     6.653    LUMINOSITE/top_ALS/LED_reg_n_0_[3]
    SLICE_X84Y136        LUT5 (Prop_lut5_I1_O)        0.124     6.777 f  LUMINOSITE/top_ALS/LED_OBUF[13]_inst_i_2/O
                         net (fo=12, routed)          1.395     8.172    LUMINOSITE/top_ALS/LED_OBUF[13]_inst_i_2_n_0
    SLICE_X82Y130        LUT4 (Prop_lut4_I2_O)        0.149     8.321 r  LUMINOSITE/top_ALS/LED_OBUF[9]_inst_i_1/O
                         net (fo=3, routed)           5.879    14.199    LED_OBUF[9]
    T15                  OBUF (Prop_obuf_I_O)         3.762    17.962 r  LED_OBUF[9]_inst/O
                         net (fo=0)                   0.000    17.962    LED[9]
    T15                                                               r  LED[9] (OUT)
  -------------------------------------------------------------------    -------------------

Slack:                    inf
  Source:                 LUMINOSITE/top_ALS/LED_reg[3]/C
                            (rising edge-triggered cell FDRE clocked by sys_clk_pin  {rise@0.000ns fall@5.000ns period=10.000ns})
  Destination:            LED[5]
                            (output port)
  Path Group:             (none)
  Path Type:              Max at Slow Process Corner
  Data Path Delay:        12.623ns  (logic 4.551ns (36.052%)  route 8.072ns (63.948%))
  Logic Levels:           3  (LUT4=1 LUT5=1 OBUF=1)
  Clock Uncertainty:      0.025ns  ((TSJ^2 + TIJ^2)^1/2 + DJ) / 2 + PE
    Total System Jitter     (TSJ):    0.050ns
    Total Input Jitter      (TIJ):    0.000ns
    Discrete Jitter          (DJ):    0.000ns
    Phase Error              (PE):    0.000ns

    Location             Delay type                Incr(ns)  Path(ns)    Netlist Resource(s)
  -------------------------------------------------------------------    -------------------
                         (clock sys_clk_pin rise edge)
                                                      0.000     0.000 r  
    E3                                                0.000     0.000 r  clk (IN)
                         net (fo=0)                   0.000     0.000    clk
    E3                   IBUF (Prop_ibuf_I_O)         1.482     1.482 r  clk_IBUF_inst/O
                         net (fo=1, routed)           2.025     3.506    clk_IBUF
    BUFGCTRL_X0Y16       BUFG (Prop_bufg_I_O)         0.096     3.602 r  clk_IBUF_BUFG_inst/O
                         net (fo=463, routed)         1.709     5.311    LUMINOSITE/top_ALS/clk_IBUF_BUFG
    SLICE_X84Y136        FDRE                                         r  LUMINOSITE/top_ALS/LED_reg[3]/C
  -------------------------------------------------------------------    -------------------
    SLICE_X84Y136        FDRE (Prop_fdre_C_Q)         0.518     5.829 r  LUMINOSITE/top_ALS/LED_reg[3]/Q
                         net (fo=4, routed)           0.823     6.653    LUMINOSITE/top_ALS/LED_reg_n_0_[3]
    SLICE_X84Y136        LUT5 (Prop_lut5_I1_O)        0.124     6.777 f  LUMINOSITE/top_ALS/LED_OBUF[13]_inst_i_2/O
                         net (fo=12, routed)          1.394     8.170    LUMINOSITE/top_ALS/LED_OBUF[13]_inst_i_2_n_0
    SLICE_X82Y130        LUT4 (Prop_lut4_I3_O)        0.154     8.324 r  LUMINOSITE/top_ALS/LED_OBUF[5]_inst_i_2/O
                         net (fo=3, routed)           5.855    14.179    LED_OBUF[5]
    V17                  OBUF (Prop_obuf_I_O)         3.755    17.934 r  LED_OBUF[5]_inst/O
                         net (fo=0)                   0.000    17.934    LED[5]
    V17                                                               r  LED[5] (OUT)
  -------------------------------------------------------------------    -------------------





Min Delay Paths
--------------------------------------------------------------------------------------
Slack:                    inf
  Source:                 LUMINOSITE/top_ALS/UUT/spi_ss_reg/C
                            (rising edge-triggered cell FDSE clocked by sys_clk_pin  {rise@0.000ns fall@5.000ns period=10.000ns})
  Destination:            SPI_SS
                            (output port)
  Path Group:             (none)
  Path Type:              Min at Fast Process Corner
  Data Path Delay:        1.764ns  (logic 1.385ns (78.518%)  route 0.379ns (21.482%))
  Logic Levels:           1  (OBUF=1)
  Clock Uncertainty:      0.025ns  ((TSJ^2 + TIJ^2)^1/2 + DJ) / 2 + PE
    Total System Jitter     (TSJ):    0.050ns
    Total Input Jitter      (TIJ):    0.000ns
    Discrete Jitter          (DJ):    0.000ns
    Phase Error              (PE):    0.000ns

    Location             Delay type                Incr(ns)  Path(ns)    Netlist Resource(s)
  -------------------------------------------------------------------    -------------------
                         (clock sys_clk_pin rise edge)
                                                      0.000     0.000 r  
    E3                                                0.000     0.000 r  clk (IN)
                         net (fo=0)                   0.000     0.000    clk
    E3                   IBUF (Prop_ibuf_I_O)         0.250     0.250 r  clk_IBUF_inst/O
                         net (fo=1, routed)           0.644     0.894    clk_IBUF
    BUFGCTRL_X0Y16       BUFG (Prop_bufg_I_O)         0.026     0.920 r  clk_IBUF_BUFG_inst/O
                         net (fo=463, routed)         0.598     1.517    LUMINOSITE/top_ALS/UUT/clk_IBUF_BUFG
    SLICE_X86Y137        FDSE                                         r  LUMINOSITE/top_ALS/UUT/spi_ss_reg/C
  -------------------------------------------------------------------    -------------------
    SLICE_X86Y137        FDSE (Prop_fdse_C_Q)         0.141     1.658 r  LUMINOSITE/top_ALS/UUT/spi_ss_reg/Q
                         net (fo=1, routed)           0.379     2.037    SPI_SS_OBUF
    E7                   OBUF (Prop_obuf_I_O)         1.244     3.282 r  SPI_SS_OBUF_inst/O
                         net (fo=0)                   0.000     3.282    SPI_SS
    E7                                                                r  SPI_SS (OUT)
  -------------------------------------------------------------------    -------------------

Slack:                    inf
  Source:                 LUMINOSITE/top_ALS/UUT/sck_int_reg/C
                            (rising edge-triggered cell FDRE clocked by sys_clk_pin  {rise@0.000ns fall@5.000ns period=10.000ns})
  Destination:            SPI_SCK
                            (output port)
  Path Group:             (none)
  Path Type:              Min at Fast Process Corner
  Data Path Delay:        1.842ns  (logic 1.407ns (76.400%)  route 0.435ns (23.600%))
  Logic Levels:           1  (OBUF=1)
  Clock Uncertainty:      0.025ns  ((TSJ^2 + TIJ^2)^1/2 + DJ) / 2 + PE
    Total System Jitter     (TSJ):    0.050ns
    Total Input Jitter      (TIJ):    0.000ns
    Discrete Jitter          (DJ):    0.000ns
    Phase Error              (PE):    0.000ns

    Location             Delay type                Incr(ns)  Path(ns)    Netlist Resource(s)
  -------------------------------------------------------------------    -------------------
                         (clock sys_clk_pin rise edge)
                                                      0.000     0.000 r  
    E3                                                0.000     0.000 r  clk (IN)
                         net (fo=0)                   0.000     0.000    clk
    E3                   IBUF (Prop_ibuf_I_O)         0.250     0.250 r  clk_IBUF_inst/O
                         net (fo=1, routed)           0.644     0.894    clk_IBUF
    BUFGCTRL_X0Y16       BUFG (Prop_bufg_I_O)         0.026     0.920 r  clk_IBUF_BUFG_inst/O
                         net (fo=463, routed)         0.599     1.518    LUMINOSITE/top_ALS/UUT/clk_IBUF_BUFG
    SLICE_X87Y138        FDRE                                         r  LUMINOSITE/top_ALS/UUT/sck_int_reg/C
  -------------------------------------------------------------------    -------------------
    SLICE_X87Y138        FDRE (Prop_fdre_C_Q)         0.128     1.646 r  LUMINOSITE/top_ALS/UUT/sck_int_reg/Q
                         net (fo=6, routed)           0.435     2.081    SPI_SCK_OBUF
    E6                   OBUF (Prop_obuf_I_O)         1.279     3.361 r  SPI_SCK_OBUF_inst/O
                         net (fo=0)                   0.000     3.361    SPI_SCK
    E6                                                                r  SPI_SCK (OUT)
  -------------------------------------------------------------------    -------------------

Slack:                    inf
  Source:                 ECRAN/PMOD_VCCEN_reg/C
                            (rising edge-triggered cell FDSE clocked by sys_clk_pin  {rise@0.000ns fall@5.000ns period=10.000ns})
  Destination:            PMOD_VCCEN
                            (output port)
  Path Group:             (none)
  Path Type:              Min at Fast Process Corner
  Data Path Delay:        1.899ns  (logic 1.380ns (72.637%)  route 0.520ns (27.363%))
  Logic Levels:           1  (OBUF=1)
  Clock Uncertainty:      0.025ns  ((TSJ^2 + TIJ^2)^1/2 + DJ) / 2 + PE
    Total System Jitter     (TSJ):    0.050ns
    Total Input Jitter      (TIJ):    0.000ns
    Discrete Jitter          (DJ):    0.000ns
    Phase Error              (PE):    0.000ns

    Location             Delay type                Incr(ns)  Path(ns)    Netlist Resource(s)
  -------------------------------------------------------------------    -------------------
                         (clock sys_clk_pin rise edge)
                                                      0.000     0.000 r  
    E3                                                0.000     0.000 r  clk (IN)
                         net (fo=0)                   0.000     0.000    clk
    E3                   IBUF (Prop_ibuf_I_O)         0.250     0.250 r  clk_IBUF_inst/O
                         net (fo=1, routed)           0.644     0.894    clk_IBUF
    BUFGCTRL_X0Y16       BUFG (Prop_bufg_I_O)         0.026     0.920 r  clk_IBUF_BUFG_inst/O
                         net (fo=463, routed)         0.602     1.521    ECRAN/clk_IBUF_BUFG
    SLICE_X1Y89          FDSE                                         r  ECRAN/PMOD_VCCEN_reg/C
  -------------------------------------------------------------------    -------------------
    SLICE_X1Y89          FDSE (Prop_fdse_C_Q)         0.141     1.662 r  ECRAN/PMOD_VCCEN_reg/Q
                         net (fo=1, routed)           0.520     2.182    PMOD_VCCEN_OBUF
    F18                  OBUF (Prop_obuf_I_O)         1.239     3.421 r  PMOD_VCCEN_OBUF_inst/O
                         net (fo=0)                   0.000     3.421    PMOD_VCCEN
    F18                                                               r  PMOD_VCCEN (OUT)
  -------------------------------------------------------------------    -------------------

Slack:                    inf
  Source:                 ECRAN/PMOD_CS_reg/C
                            (rising edge-triggered cell FDSE clocked by sys_clk_pin  {rise@0.000ns fall@5.000ns period=10.000ns})
  Destination:            PMOD_CS
                            (output port)
  Path Group:             (none)
  Path Type:              Min at Fast Process Corner
  Data Path Delay:        1.987ns  (logic 1.407ns (70.793%)  route 0.580ns (29.207%))
  Logic Levels:           1  (OBUF=1)
  Clock Uncertainty:      0.025ns  ((TSJ^2 + TIJ^2)^1/2 + DJ) / 2 + PE
    Total System Jitter     (TSJ):    0.050ns
    Total Input Jitter      (TIJ):    0.000ns
    Discrete Jitter          (DJ):    0.000ns
    Phase Error              (PE):    0.000ns

    Location             Delay type                Incr(ns)  Path(ns)    Netlist Resource(s)
  -------------------------------------------------------------------    -------------------
                         (clock sys_clk_pin rise edge)
                                                      0.000     0.000 r  
    E3                                                0.000     0.000 r  clk (IN)
                         net (fo=0)                   0.000     0.000    clk
    E3                   IBUF (Prop_ibuf_I_O)         0.250     0.250 r  clk_IBUF_inst/O
                         net (fo=1, routed)           0.644     0.894    clk_IBUF
    BUFGCTRL_X0Y16       BUFG (Prop_bufg_I_O)         0.026     0.920 r  clk_IBUF_BUFG_inst/O
                         net (fo=463, routed)         0.603     1.522    ECRAN/clk_IBUF_BUFG
    SLICE_X0Y92          FDSE                                         r  ECRAN/PMOD_CS_reg/C
  -------------------------------------------------------------------    -------------------
    SLICE_X0Y92          FDSE (Prop_fdse_C_Q)         0.141     1.663 r  ECRAN/PMOD_CS_reg/Q
                         net (fo=1, routed)           0.580     2.244    PMOD_CS_OBUF
    C17                  OBUF (Prop_obuf_I_O)         1.266     3.509 r  PMOD_CS_OBUF_inst/O
                         net (fo=0)                   0.000     3.509    PMOD_CS
    C17                                                               r  PMOD_CS (OUT)
  -------------------------------------------------------------------    -------------------

Slack:                    inf
  Source:                 ECRAN/PMOD_DC_reg/C
                            (rising edge-triggered cell FDSE clocked by sys_clk_pin  {rise@0.000ns fall@5.000ns period=10.000ns})
  Destination:            PMOD_DC
                            (output port)
  Path Group:             (none)
  Path Type:              Min at Fast Process Corner
  Data Path Delay:        2.009ns  (logic 1.378ns (68.606%)  route 0.631ns (31.394%))
  Logic Levels:           1  (OBUF=1)
  Clock Uncertainty:      0.025ns  ((TSJ^2 + TIJ^2)^1/2 + DJ) / 2 + PE
    Total System Jitter     (TSJ):    0.050ns
    Total Input Jitter      (TIJ):    0.000ns
    Discrete Jitter          (DJ):    0.000ns
    Phase Error              (PE):    0.000ns

    Location             Delay type                Incr(ns)  Path(ns)    Netlist Resource(s)
  -------------------------------------------------------------------    -------------------
                         (clock sys_clk_pin rise edge)
                                                      0.000     0.000 r  
    E3                                                0.000     0.000 r  clk (IN)
                         net (fo=0)                   0.000     0.000    clk
    E3                   IBUF (Prop_ibuf_I_O)         0.250     0.250 r  clk_IBUF_inst/O
                         net (fo=1, routed)           0.644     0.894    clk_IBUF
    BUFGCTRL_X0Y16       BUFG (Prop_bufg_I_O)         0.026     0.920 r  clk_IBUF_BUFG_inst/O
                         net (fo=463, routed)         0.602     1.521    ECRAN/clk_IBUF_BUFG
    SLICE_X1Y88          FDSE                                         r  ECRAN/PMOD_DC_reg/C
  -------------------------------------------------------------------    -------------------
    SLICE_X1Y88          FDSE (Prop_fdse_C_Q)         0.141     1.662 r  ECRAN/PMOD_DC_reg/Q
                         net (fo=1, routed)           0.631     2.293    PMOD_DC_OBUF
    D17                  OBUF (Prop_obuf_I_O)         1.237     3.530 r  PMOD_DC_OBUF_inst/O
                         net (fo=0)                   0.000     3.530    PMOD_DC
    D17                                                               r  PMOD_DC (OUT)
  -------------------------------------------------------------------    -------------------

Slack:                    inf
  Source:                 ECRAN/PMOD_EN_reg/C
                            (rising edge-triggered cell FDRE clocked by sys_clk_pin  {rise@0.000ns fall@5.000ns period=10.000ns})
  Destination:            PMOD_EN
                            (output port)
  Path Group:             (none)
  Path Type:              Min at Fast Process Corner
  Data Path Delay:        2.060ns  (logic 1.385ns (67.250%)  route 0.675ns (32.750%))
  Logic Levels:           1  (OBUF=1)
  Clock Uncertainty:      0.025ns  ((TSJ^2 + TIJ^2)^1/2 + DJ) / 2 + PE
    Total System Jitter     (TSJ):    0.050ns
    Total Input Jitter      (TIJ):    0.000ns
    Discrete Jitter          (DJ):    0.000ns
    Phase Error              (PE):    0.000ns

    Location             Delay type                Incr(ns)  Path(ns)    Netlist Resource(s)
  -------------------------------------------------------------------    -------------------
                         (clock sys_clk_pin rise edge)
                                                      0.000     0.000 r  
    E3                                                0.000     0.000 r  clk (IN)
                         net (fo=0)                   0.000     0.000    clk
    E3                   IBUF (Prop_ibuf_I_O)         0.250     0.250 r  clk_IBUF_inst/O
                         net (fo=1, routed)           0.644     0.894    clk_IBUF
    BUFGCTRL_X0Y16       BUFG (Prop_bufg_I_O)         0.026     0.920 r  clk_IBUF_BUFG_inst/O
                         net (fo=463, routed)         0.596     1.515    ECRAN/clk_IBUF_BUFG
    SLICE_X0Y80          FDRE                                         r  ECRAN/PMOD_EN_reg/C
  -------------------------------------------------------------------    -------------------
    SLICE_X0Y80          FDRE (Prop_fdre_C_Q)         0.141     1.656 r  ECRAN/PMOD_EN_reg/Q
                         net (fo=1, routed)           0.675     2.331    PMOD_EN_OBUF
    G18                  OBUF (Prop_obuf_I_O)         1.244     3.575 r  PMOD_EN_OBUF_inst/O
                         net (fo=0)                   0.000     3.575    PMOD_EN
    G18                                                               r  PMOD_EN (OUT)
  -------------------------------------------------------------------    -------------------

Slack:                    inf
  Source:                 ECRAN/PMOD_RES_reg/C
                            (rising edge-triggered cell FDSE clocked by sys_clk_pin  {rise@0.000ns fall@5.000ns period=10.000ns})
  Destination:            PMOD_RES
                            (output port)
  Path Group:             (none)
  Path Type:              Min at Fast Process Corner
  Data Path Delay:        2.110ns  (logic 1.402ns (66.459%)  route 0.708ns (33.541%))
  Logic Levels:           1  (OBUF=1)
  Clock Uncertainty:      0.025ns  ((TSJ^2 + TIJ^2)^1/2 + DJ) / 2 + PE
    Total System Jitter     (TSJ):    0.050ns
    Total Input Jitter      (TIJ):    0.000ns
    Discrete Jitter          (DJ):    0.000ns
    Phase Error              (PE):    0.000ns

    Location             Delay type                Incr(ns)  Path(ns)    Netlist Resource(s)
  -------------------------------------------------------------------    -------------------
                         (clock sys_clk_pin rise edge)
                                                      0.000     0.000 r  
    E3                                                0.000     0.000 r  clk (IN)
                         net (fo=0)                   0.000     0.000    clk
    E3                   IBUF (Prop_ibuf_I_O)         0.250     0.250 r  clk_IBUF_inst/O
                         net (fo=1, routed)           0.644     0.894    clk_IBUF
    BUFGCTRL_X0Y16       BUFG (Prop_bufg_I_O)         0.026     0.920 r  clk_IBUF_BUFG_inst/O
                         net (fo=463, routed)         0.599     1.518    ECRAN/clk_IBUF_BUFG
    SLICE_X2Y83          FDSE                                         r  ECRAN/PMOD_RES_reg/C
  -------------------------------------------------------------------    -------------------
    SLICE_X2Y83          FDSE (Prop_fdse_C_Q)         0.164     1.682 r  ECRAN/PMOD_RES_reg/Q
                         net (fo=1, routed)           0.708     2.390    PMOD_RES_OBUF
    E17                  OBUF (Prop_obuf_I_O)         1.238     3.629 r  PMOD_RES_OBUF_inst/O
                         net (fo=0)                   0.000     3.629    PMOD_RES
    E17                                                               r  PMOD_RES (OUT)
  -------------------------------------------------------------------    -------------------

Slack:                    inf
  Source:                 ECRAN/spi_shift_reg_reg[15]/C
                            (rising edge-triggered cell FDRE clocked by sys_clk_pin  {rise@0.000ns fall@5.000ns period=10.000ns})
  Destination:            PMOD_MOSI
                            (output port)
  Path Group:             (none)
  Path Type:              Min at Fast Process Corner
  Data Path Delay:        2.158ns  (logic 1.397ns (64.717%)  route 0.762ns (35.283%))
  Logic Levels:           1  (OBUF=1)
  Clock Uncertainty:      0.025ns  ((TSJ^2 + TIJ^2)^1/2 + DJ) / 2 + PE
    Total System Jitter     (TSJ):    0.050ns
    Total Input Jitter      (TIJ):    0.000ns
    Discrete Jitter          (DJ):    0.000ns
    Phase Error              (PE):    0.000ns

    Location             Delay type                Incr(ns)  Path(ns)    Netlist Resource(s)
  -------------------------------------------------------------------    -------------------
                         (clock sys_clk_pin rise edge)
                                                      0.000     0.000 r  
    E3                                                0.000     0.000 r  clk (IN)
                         net (fo=0)                   0.000     0.000    clk
    E3                   IBUF (Prop_ibuf_I_O)         0.250     0.250 r  clk_IBUF_inst/O
                         net (fo=1, routed)           0.644     0.894    clk_IBUF
    BUFGCTRL_X0Y16       BUFG (Prop_bufg_I_O)         0.026     0.920 r  clk_IBUF_BUFG_inst/O
                         net (fo=463, routed)         0.594     1.513    ECRAN/clk_IBUF_BUFG
    SLICE_X3Y77          FDRE                                         r  ECRAN/spi_shift_reg_reg[15]/C
  -------------------------------------------------------------------    -------------------
    SLICE_X3Y77          FDRE (Prop_fdre_C_Q)         0.141     1.654 r  ECRAN/spi_shift_reg_reg[15]/Q
                         net (fo=1, routed)           0.762     2.416    PMOD_MOSI_OBUF
    D18                  OBUF (Prop_obuf_I_O)         1.256     3.672 r  PMOD_MOSI_OBUF_inst/O
                         net (fo=0)                   0.000     3.672    PMOD_MOSI
    D18                                                               r  PMOD_MOSI (OUT)
  -------------------------------------------------------------------    -------------------

Slack:                    inf
  Source:                 ECRAN/spi_sck_reg/C
                            (rising edge-triggered cell FDRE clocked by sys_clk_pin  {rise@0.000ns fall@5.000ns period=10.000ns})
  Destination:            PMOD_SCK
                            (output port)
  Path Group:             (none)
  Path Type:              Min at Fast Process Corner
  Data Path Delay:        2.180ns  (logic 1.363ns (62.532%)  route 0.817ns (37.468%))
  Logic Levels:           1  (OBUF=1)
  Clock Uncertainty:      0.025ns  ((TSJ^2 + TIJ^2)^1/2 + DJ) / 2 + PE
    Total System Jitter     (TSJ):    0.050ns
    Total Input Jitter      (TIJ):    0.000ns
    Discrete Jitter          (DJ):    0.000ns
    Phase Error              (PE):    0.000ns

    Location             Delay type                Incr(ns)  Path(ns)    Netlist Resource(s)
  -------------------------------------------------------------------    -------------------
                         (clock sys_clk_pin rise edge)
                                                      0.000     0.000 r  
    E3                                                0.000     0.000 r  clk (IN)
                         net (fo=0)                   0.000     0.000    clk
    E3                   IBUF (Prop_ibuf_I_O)         0.250     0.250 r  clk_IBUF_inst/O
                         net (fo=1, routed)           0.644     0.894    clk_IBUF
    BUFGCTRL_X0Y16       BUFG (Prop_bufg_I_O)         0.026     0.920 r  clk_IBUF_BUFG_inst/O
                         net (fo=463, routed)         0.594     1.513    ECRAN/clk_IBUF_BUFG
    SLICE_X1Y78          FDRE                                         r  ECRAN/spi_sck_reg/C
  -------------------------------------------------------------------    -------------------
    SLICE_X1Y78          FDRE (Prop_fdre_C_Q)         0.141     1.654 r  ECRAN/spi_sck_reg/Q
                         net (fo=4, routed)           0.817     2.471    PMOD_SCK_OBUF
    G17                  OBUF (Prop_obuf_I_O)         1.222     3.693 r  PMOD_SCK_OBUF_inst/O
                         net (fo=0)                   0.000     3.693    PMOD_SCK
    G17                                                               r  PMOD_SCK (OUT)
  -------------------------------------------------------------------    -------------------

Slack:                    inf
  Source:                 PMOD_HYGRO_I/aa/i2c_master_0/sda_int_reg/C
                            (rising edge-triggered cell FDPE clocked by sys_clk_pin  {rise@0.000ns fall@5.000ns period=10.000ns})
  Destination:            HYGRO_SDA
                            (output port)
  Path Group:             (none)
  Path Type:              Min at Fast Process Corner
  Data Path Delay:        2.377ns  (logic 1.081ns (45.470%)  route 1.296ns (54.530%))
  Logic Levels:           2  (LUT4=1 OBUFT=1)
  Clock Uncertainty:      0.025ns  ((TSJ^2 + TIJ^2)^1/2 + DJ) / 2 + PE
    Total System Jitter     (TSJ):    0.050ns
    Total Input Jitter      (TIJ):    0.000ns
    Discrete Jitter          (DJ):    0.000ns
    Phase Error              (PE):    0.000ns

    Location             Delay type                Incr(ns)  Path(ns)    Netlist Resource(s)
  -------------------------------------------------------------------    -------------------
                         (clock sys_clk_pin rise edge)
                                                      0.000     0.000 r  
    E3                                                0.000     0.000 r  clk (IN)
                         net (fo=0)                   0.000     0.000    clk
    E3                   IBUF (Prop_ibuf_I_O)         0.250     0.250 r  clk_IBUF_inst/O
                         net (fo=1, routed)           0.644     0.894    clk_IBUF
    BUFGCTRL_X0Y16       BUFG (Prop_bufg_I_O)         0.026     0.920 r  clk_IBUF_BUFG_inst/O
                         net (fo=463, routed)         0.568     1.487    PMOD_HYGRO_I/aa/i2c_master_0/clk_IBUF_BUFG
    SLICE_X45Y94         FDPE                                         r  PMOD_HYGRO_I/aa/i2c_master_0/sda_int_reg/C
  -------------------------------------------------------------------    -------------------
    SLICE_X45Y94         FDPE (Prop_fdpe_C_Q)         0.141     1.628 r  PMOD_HYGRO_I/aa/i2c_master_0/sda_int_reg/Q
                         net (fo=3, routed)           0.109     1.737    PMOD_HYGRO_I/aa/i2c_master_0/sda_int_reg_n_0
    SLICE_X44Y94         LUT4 (Prop_lut4_I0_O)        0.049     1.786 r  PMOD_HYGRO_I/aa/i2c_master_0/HYGRO_SDA_IOBUF_inst_i_2/O
                         net (fo=1, routed)           1.187     2.974    HYGRO_SDA_IOBUF_inst/T
    G3                   OBUFT (TriStatD_obuft_T_O)
                                                      0.891     3.865 r  HYGRO_SDA_IOBUF_inst/OBUFT/O
                         net (fo=1, unset)            0.000     3.865    HYGRO_SDA
    G3                                                                r  HYGRO_SDA (INOUT)
  -------------------------------------------------------------------    -------------------





--------------------------------------------------------------------------------------
Path Group:  (none)
From Clock:  
  To Clock:  sys_clk_pin

Max Delay           340 Endpoints
Min Delay           340 Endpoints
--------------------------------------------------------------------------------------


Max Delay Paths
--------------------------------------------------------------------------------------
Slack:                    inf
  Source:                 reset
                            (input port)
  Destination:            LUMINOSITE/top_ALS/UUT/FSM_sequential_state_reg[1]/D
                            (rising edge-triggered cell FDRE clocked by sys_clk_pin  {rise@0.000ns fall@5.000ns period=10.000ns})
  Path Group:             (none)
  Path Type:              Setup (Max at Slow Process Corner)
  Data Path Delay:        9.622ns  (logic 1.602ns (16.644%)  route 8.021ns (83.356%))
  Logic Levels:           2  (IBUF=1 LUT5=1)
  Clock Path Skew:        5.012ns (DCD - SCD + CPR)
    Destination Clock Delay (DCD):    5.012ns
    Source Clock Delay      (SCD):    0.000ns
    Clock Pessimism Removal (CPR):    0.000ns
  Clock Uncertainty:      0.025ns  ((TSJ^2 + TIJ^2)^1/2 + DJ) / 2 + PE
    Total System Jitter     (TSJ):    0.050ns
    Total Input Jitter      (TIJ):    0.000ns
    Discrete Jitter          (DJ):    0.000ns
    Phase Error              (PE):    0.000ns

    Location             Delay type                Incr(ns)  Path(ns)    Netlist Resource(s)
  -------------------------------------------------------------------    -------------------
    J15                                               0.000     0.000 f  reset (IN)
                         net (fo=0)                   0.000     0.000    reset
    J15                  IBUF (Prop_ibuf_I_O)         1.478     1.478 f  reset_IBUF_inst/O
                         net (fo=177, routed)         8.021     9.498    LUMINOSITE/top_ALS/UUT/reset_IBUF
    SLICE_X85Y137        LUT5 (Prop_lut5_I4_O)        0.124     9.622 r  LUMINOSITE/top_ALS/UUT/FSM_sequential_state[1]_i_1/O
                         net (fo=1, routed)           0.000     9.622    LUMINOSITE/top_ALS/UUT/FSM_sequential_state[1]_i_1_n_0
    SLICE_X85Y137        FDRE                                         r  LUMINOSITE/top_ALS/UUT/FSM_sequential_state_reg[1]/D
  -------------------------------------------------------------------    -------------------

                         (clock sys_clk_pin rise edge)
                                                      0.000     0.000 r  
    E3                                                0.000     0.000 r  clk (IN)
                         net (fo=0)                   0.000     0.000    clk
    E3                   IBUF (Prop_ibuf_I_O)         1.411     1.411 r  clk_IBUF_inst/O
                         net (fo=1, routed)           1.920     3.331    clk_IBUF
    BUFGCTRL_X0Y16       BUFG (Prop_bufg_I_O)         0.091     3.422 r  clk_IBUF_BUFG_inst/O
                         net (fo=463, routed)         1.590     5.012    LUMINOSITE/top_ALS/UUT/clk_IBUF_BUFG
    SLICE_X85Y137        FDRE                                         r  LUMINOSITE/top_ALS/UUT/FSM_sequential_state_reg[1]/C

Slack:                    inf
  Source:                 reset
                            (input port)
  Destination:            LUMINOSITE/top_ALS/UUT/FSM_sequential_state_reg[2]/D
                            (rising edge-triggered cell FDRE clocked by sys_clk_pin  {rise@0.000ns fall@5.000ns period=10.000ns})
  Path Group:             (none)
  Path Type:              Setup (Max at Slow Process Corner)
  Data Path Delay:        9.617ns  (logic 1.597ns (16.601%)  route 8.021ns (83.399%))
  Logic Levels:           2  (IBUF=1 LUT5=1)
  Clock Path Skew:        5.012ns (DCD - SCD + CPR)
    Destination Clock Delay (DCD):    5.012ns
    Source Clock Delay      (SCD):    0.000ns
    Clock Pessimism Removal (CPR):    0.000ns
  Clock Uncertainty:      0.025ns  ((TSJ^2 + TIJ^2)^1/2 + DJ) / 2 + PE
    Total System Jitter     (TSJ):    0.050ns
    Total Input Jitter      (TIJ):    0.000ns
    Discrete Jitter          (DJ):    0.000ns
    Phase Error              (PE):    0.000ns

    Location             Delay type                Incr(ns)  Path(ns)    Netlist Resource(s)
  -------------------------------------------------------------------    -------------------
    J15                                               0.000     0.000 f  reset (IN)
                         net (fo=0)                   0.000     0.000    reset
    J15                  IBUF (Prop_ibuf_I_O)         1.478     1.478 f  reset_IBUF_inst/O
                         net (fo=177, routed)         8.021     9.498    LUMINOSITE/top_ALS/UUT/reset_IBUF
    SLICE_X85Y137        LUT5 (Prop_lut5_I4_O)        0.119     9.617 r  LUMINOSITE/top_ALS/UUT/FSM_sequential_state[2]_i_1/O
                         net (fo=1, routed)           0.000     9.617    LUMINOSITE/top_ALS/UUT/FSM_sequential_state[2]_i_1_n_0
    SLICE_X85Y137        FDRE                                         r  LUMINOSITE/top_ALS/UUT/FSM_sequential_state_reg[2]/D
  -------------------------------------------------------------------    -------------------

                         (clock sys_clk_pin rise edge)
                                                      0.000     0.000 r  
    E3                                                0.000     0.000 r  clk (IN)
                         net (fo=0)                   0.000     0.000    clk
    E3                   IBUF (Prop_ibuf_I_O)         1.411     1.411 r  clk_IBUF_inst/O
                         net (fo=1, routed)           1.920     3.331    clk_IBUF
    BUFGCTRL_X0Y16       BUFG (Prop_bufg_I_O)         0.091     3.422 r  clk_IBUF_BUFG_inst/O
                         net (fo=463, routed)         1.590     5.012    LUMINOSITE/top_ALS/UUT/clk_IBUF_BUFG
    SLICE_X85Y137        FDRE                                         r  LUMINOSITE/top_ALS/UUT/FSM_sequential_state_reg[2]/C

Slack:                    inf
  Source:                 reset
                            (input port)
  Destination:            LUMINOSITE/top_ALS/UUT/FSM_sequential_state_reg[0]/D
                            (rising edge-triggered cell FDRE clocked by sys_clk_pin  {rise@0.000ns fall@5.000ns period=10.000ns})
  Path Group:             (none)
  Path Type:              Setup (Max at Slow Process Corner)
  Data Path Delay:        9.322ns  (logic 1.602ns (17.181%)  route 7.720ns (82.819%))
  Logic Levels:           2  (IBUF=1 LUT5=1)
  Clock Path Skew:        5.012ns (DCD - SCD + CPR)
    Destination Clock Delay (DCD):    5.012ns
    Source Clock Delay      (SCD):    0.000ns
    Clock Pessimism Removal (CPR):    0.000ns
  Clock Uncertainty:      0.025ns  ((TSJ^2 + TIJ^2)^1/2 + DJ) / 2 + PE
    Total System Jitter     (TSJ):    0.050ns
    Total Input Jitter      (TIJ):    0.000ns
    Discrete Jitter          (DJ):    0.000ns
    Phase Error              (PE):    0.000ns

    Location             Delay type                Incr(ns)  Path(ns)    Netlist Resource(s)
  -------------------------------------------------------------------    -------------------
    J15                                               0.000     0.000 r  reset (IN)
                         net (fo=0)                   0.000     0.000    reset
    J15                  IBUF (Prop_ibuf_I_O)         1.478     1.478 r  reset_IBUF_inst/O
                         net (fo=177, routed)         7.720     9.198    LUMINOSITE/top_ALS/UUT/reset_IBUF
    SLICE_X85Y137        LUT5 (Prop_lut5_I4_O)        0.124     9.322 r  LUMINOSITE/top_ALS/UUT/FSM_sequential_state[0]_i_1/O
                         net (fo=1, routed)           0.000     9.322    LUMINOSITE/top_ALS/UUT/FSM_sequential_state[0]_i_1_n_0
    SLICE_X85Y137        FDRE                                         r  LUMINOSITE/top_ALS/UUT/FSM_sequential_state_reg[0]/D
  -------------------------------------------------------------------    -------------------

                         (clock sys_clk_pin rise edge)
                                                      0.000     0.000 r  
    E3                                                0.000     0.000 r  clk (IN)
                         net (fo=0)                   0.000     0.000    clk
    E3                   IBUF (Prop_ibuf_I_O)         1.411     1.411 r  clk_IBUF_inst/O
                         net (fo=1, routed)           1.920     3.331    clk_IBUF
    BUFGCTRL_X0Y16       BUFG (Prop_bufg_I_O)         0.091     3.422 r  clk_IBUF_BUFG_inst/O
                         net (fo=463, routed)         1.590     5.012    LUMINOSITE/top_ALS/UUT/clk_IBUF_BUFG
    SLICE_X85Y137        FDRE                                         r  LUMINOSITE/top_ALS/UUT/FSM_sequential_state_reg[0]/C

Slack:                    inf
  Source:                 reset
                            (input port)
  Destination:            LUMINOSITE/top_ALS/UUT/spi_ss_reg/S
                            (rising edge-triggered cell FDSE clocked by sys_clk_pin  {rise@0.000ns fall@5.000ns period=10.000ns})
  Path Group:             (none)
  Path Type:              Setup (Max at Slow Process Corner)
  Data Path Delay:        8.749ns  (logic 1.478ns (16.888%)  route 7.272ns (83.112%))
  Logic Levels:           1  (IBUF=1)
  Clock Path Skew:        5.014ns (DCD - SCD + CPR)
    Destination Clock Delay (DCD):    5.014ns
    Source Clock Delay      (SCD):    0.000ns
    Clock Pessimism Removal (CPR):    0.000ns
  Clock Uncertainty:      0.025ns  ((TSJ^2 + TIJ^2)^1/2 + DJ) / 2 + PE
    Total System Jitter     (TSJ):    0.050ns
    Total Input Jitter      (TIJ):    0.000ns
    Discrete Jitter          (DJ):    0.000ns
    Phase Error              (PE):    0.000ns

    Location             Delay type                Incr(ns)  Path(ns)    Netlist Resource(s)
  -------------------------------------------------------------------    -------------------
    J15                                               0.000     0.000 r  reset (IN)
                         net (fo=0)                   0.000     0.000    reset
    J15                  IBUF (Prop_ibuf_I_O)         1.478     1.478 r  reset_IBUF_inst/O
                         net (fo=177, routed)         7.272     8.749    LUMINOSITE/top_ALS/UUT/reset_IBUF
    SLICE_X86Y137        FDSE                                         r  LUMINOSITE/top_ALS/UUT/spi_ss_reg/S
  -------------------------------------------------------------------    -------------------

                         (clock sys_clk_pin rise edge)
                                                      0.000     0.000 r  
    E3                                                0.000     0.000 r  clk (IN)
                         net (fo=0)                   0.000     0.000    clk
    E3                   IBUF (Prop_ibuf_I_O)         1.411     1.411 r  clk_IBUF_inst/O
                         net (fo=1, routed)           1.920     3.331    clk_IBUF
    BUFGCTRL_X0Y16       BUFG (Prop_bufg_I_O)         0.091     3.422 r  clk_IBUF_BUFG_inst/O
                         net (fo=463, routed)         1.592     5.014    LUMINOSITE/top_ALS/UUT/clk_IBUF_BUFG
    SLICE_X86Y137        FDSE                                         r  LUMINOSITE/top_ALS/UUT/spi_ss_reg/C

Slack:                    inf
  Source:                 reset
                            (input port)
  Destination:            WRITE_CONTROL_I/NUMBER_reg[1]/D
                            (rising edge-triggered cell FDRE clocked by sys_clk_pin  {rise@0.000ns fall@5.000ns period=10.000ns})
  Path Group:             (none)
  Path Type:              Setup (Max at Slow Process Corner)
  Data Path Delay:        8.706ns  (logic 2.098ns (24.093%)  route 6.609ns (75.907%))
  Logic Levels:           6  (IBUF=1 LUT2=1 LUT4=1 LUT5=1 LUT6=2)
  Clock Path Skew:        4.942ns (DCD - SCD + CPR)
    Destination Clock Delay (DCD):    4.942ns
    Source Clock Delay      (SCD):    0.000ns
    Clock Pessimism Removal (CPR):    0.000ns
  Clock Uncertainty:      0.025ns  ((TSJ^2 + TIJ^2)^1/2 + DJ) / 2 + PE
    Total System Jitter     (TSJ):    0.050ns
    Total Input Jitter      (TIJ):    0.000ns
    Discrete Jitter          (DJ):    0.000ns
    Phase Error              (PE):    0.000ns

    Location             Delay type                Incr(ns)  Path(ns)    Netlist Resource(s)
  -------------------------------------------------------------------    -------------------
    J15                                               0.000     0.000 r  reset (IN)
                         net (fo=0)                   0.000     0.000    reset
    J15                  IBUF (Prop_ibuf_I_O)         1.478     1.478 r  reset_IBUF_inst/O
                         net (fo=177, routed)         1.957     3.434    WRITE_CONTROL_I/reset_IBUF
    SLICE_X12Y99         LUT2 (Prop_lut2_I1_O)        0.124     3.558 r  WRITE_CONTROL_I/count_aux[5]_i_6/O
                         net (fo=37, routed)          0.996     4.554    WRITE_CONTROL_I/count[0]_i_1_n_0
    SLICE_X12Y93         LUT6 (Prop_lut6_I5_O)        0.124     4.678 r  WRITE_CONTROL_I/NUMBER[0]_i_5/O
                         net (fo=9, routed)           1.580     6.258    WRITE_CONTROL_I/NUMBER[0]_i_5_n_0
    SLICE_X13Y86         LUT5 (Prop_lut5_I3_O)        0.124     6.382 r  WRITE_CONTROL_I/NUMBER[1]_i_2_comp/O
                         net (fo=2, routed)           1.069     7.451    WRITE_CONTROL_I/NUMBER[1]_i_2_n_0
    SLICE_X15Y86         LUT4 (Prop_lut4_I2_O)        0.124     7.575 r  WRITE_CONTROL_I/NUMBER[1]_i_16_comp_1/O
                         net (fo=1, routed)           1.008     8.582    WRITE_CONTROL_I/NUMBER[1]_i_16_n_0_repN
    SLICE_X13Y86         LUT6 (Prop_lut6_I5_O)        0.124     8.706 r  WRITE_CONTROL_I/NUMBER[1]_i_1_comp/O
                         net (fo=1, routed)           0.000     8.706    WRITE_CONTROL_I/NUMBER[1]_i_1_n_0
    SLICE_X13Y86         FDRE                                         r  WRITE_CONTROL_I/NUMBER_reg[1]/D
  -------------------------------------------------------------------    -------------------

                         (clock sys_clk_pin rise edge)
                                                      0.000     0.000 r  
    E3                                                0.000     0.000 r  clk (IN)
                         net (fo=0)                   0.000     0.000    clk
    E3                   IBUF (Prop_ibuf_I_O)         1.411     1.411 r  clk_IBUF_inst/O
                         net (fo=1, routed)           1.920     3.331    clk_IBUF
    BUFGCTRL_X0Y16       BUFG (Prop_bufg_I_O)         0.091     3.422 r  clk_IBUF_BUFG_inst/O
                         net (fo=463, routed)         1.519     4.942    WRITE_CONTROL_I/clk_IBUF_BUFG
    SLICE_X13Y86         FDRE                                         r  WRITE_CONTROL_I/NUMBER_reg[1]/C

Slack:                    inf
  Source:                 reset
                            (input port)
  Destination:            PMOD_HYGRO_I/aa/i2c_master_0/data_tx_reg[2]/D
                            (rising edge-triggered cell FDRE clocked by sys_clk_pin  {rise@0.000ns fall@5.000ns period=10.000ns})
  Path Group:             (none)
  Path Type:              Setup (Max at Slow Process Corner)
  Data Path Delay:        8.110ns  (logic 1.752ns (21.597%)  route 6.359ns (78.403%))
  Logic Levels:           3  (IBUF=1 LUT3=1 LUT6=1)
  Clock Path Skew:        4.936ns (DCD - SCD + CPR)
    Destination Clock Delay (DCD):    4.936ns
    Source Clock Delay      (SCD):    0.000ns
    Clock Pessimism Removal (CPR):    0.000ns
  Clock Uncertainty:      0.025ns  ((TSJ^2 + TIJ^2)^1/2 + DJ) / 2 + PE
    Total System Jitter     (TSJ):    0.050ns
    Total Input Jitter      (TIJ):    0.000ns
    Discrete Jitter          (DJ):    0.000ns
    Phase Error              (PE):    0.000ns

    Location             Delay type                Incr(ns)  Path(ns)    Netlist Resource(s)
  -------------------------------------------------------------------    -------------------
    J15                                               0.000     0.000 f  reset (IN)
                         net (fo=0)                   0.000     0.000    reset
    J15                  IBUF (Prop_ibuf_I_O)         1.478     1.478 f  reset_IBUF_inst/O
                         net (fo=177, routed)         5.749     7.226    PMOD_HYGRO_I/aa/i2c_master_0/reset_IBUF
    SLICE_X45Y93         LUT6 (Prop_lut6_I5_O)        0.124     7.350 r  PMOD_HYGRO_I/aa/i2c_master_0/data_tx[2]_i_2/O
                         net (fo=3, routed)           0.610     7.960    PMOD_HYGRO_I/aa/i2c_master_0/addr_rw0
    SLICE_X46Y93         LUT3 (Prop_lut3_I1_O)        0.150     8.110 r  PMOD_HYGRO_I/aa/i2c_master_0/data_tx[2]_i_1/O
                         net (fo=1, routed)           0.000     8.110    PMOD_HYGRO_I/aa/i2c_master_0/data_tx[2]_i_1_n_0
    SLICE_X46Y93         FDRE                                         r  PMOD_HYGRO_I/aa/i2c_master_0/data_tx_reg[2]/D
  -------------------------------------------------------------------    -------------------

                         (clock sys_clk_pin rise edge)
                                                      0.000     0.000 r  
    E3                                                0.000     0.000 r  clk (IN)
                         net (fo=0)                   0.000     0.000    clk
    E3                   IBUF (Prop_ibuf_I_O)         1.411     1.411 r  clk_IBUF_inst/O
                         net (fo=1, routed)           1.920     3.331    clk_IBUF
    BUFGCTRL_X0Y16       BUFG (Prop_bufg_I_O)         0.091     3.422 r  clk_IBUF_BUFG_inst/O
                         net (fo=463, routed)         1.513     4.936    PMOD_HYGRO_I/aa/i2c_master_0/clk_IBUF_BUFG
    SLICE_X46Y93         FDRE                                         r  PMOD_HYGRO_I/aa/i2c_master_0/data_tx_reg[2]/C

Slack:                    inf
  Source:                 reset
                            (input port)
  Destination:            PMOD_HYGRO_I/aa/i2c_master_0/addr_rw_reg[0]/D
                            (rising edge-triggered cell FDRE clocked by sys_clk_pin  {rise@0.000ns fall@5.000ns period=10.000ns})
  Path Group:             (none)
  Path Type:              Setup (Max at Slow Process Corner)
  Data Path Delay:        8.084ns  (logic 1.726ns (21.344%)  route 6.359ns (78.656%))
  Logic Levels:           3  (IBUF=1 LUT3=1 LUT6=1)
  Clock Path Skew:        4.936ns (DCD - SCD + CPR)
    Destination Clock Delay (DCD):    4.936ns
    Source Clock Delay      (SCD):    0.000ns
    Clock Pessimism Removal (CPR):    0.000ns
  Clock Uncertainty:      0.025ns  ((TSJ^2 + TIJ^2)^1/2 + DJ) / 2 + PE
    Total System Jitter     (TSJ):    0.050ns
    Total Input Jitter      (TIJ):    0.000ns
    Discrete Jitter          (DJ):    0.000ns
    Phase Error              (PE):    0.000ns

    Location             Delay type                Incr(ns)  Path(ns)    Netlist Resource(s)
  -------------------------------------------------------------------    -------------------
    J15                                               0.000     0.000 f  reset (IN)
                         net (fo=0)                   0.000     0.000    reset
    J15                  IBUF (Prop_ibuf_I_O)         1.478     1.478 f  reset_IBUF_inst/O
                         net (fo=177, routed)         5.749     7.226    PMOD_HYGRO_I/aa/i2c_master_0/reset_IBUF
    SLICE_X45Y93         LUT6 (Prop_lut6_I5_O)        0.124     7.350 r  PMOD_HYGRO_I/aa/i2c_master_0/data_tx[2]_i_2/O
                         net (fo=3, routed)           0.610     7.960    PMOD_HYGRO_I/aa/i2c_master_0/addr_rw0
    SLICE_X46Y93         LUT3 (Prop_lut3_I1_O)        0.124     8.084 r  PMOD_HYGRO_I/aa/i2c_master_0/addr_rw[0]_i_1/O
                         net (fo=1, routed)           0.000     8.084    PMOD_HYGRO_I/aa/i2c_master_0/addr_rw[0]_i_1_n_0
    SLICE_X46Y93         FDRE                                         r  PMOD_HYGRO_I/aa/i2c_master_0/addr_rw_reg[0]/D
  -------------------------------------------------------------------    -------------------

                         (clock sys_clk_pin rise edge)
                                                      0.000     0.000 r  
    E3                                                0.000     0.000 r  clk (IN)
                         net (fo=0)                   0.000     0.000    clk
    E3                   IBUF (Prop_ibuf_I_O)         1.411     1.411 r  clk_IBUF_inst/O
                         net (fo=1, routed)           1.920     3.331    clk_IBUF
    BUFGCTRL_X0Y16       BUFG (Prop_bufg_I_O)         0.091     3.422 r  clk_IBUF_BUFG_inst/O
                         net (fo=463, routed)         1.513     4.936    PMOD_HYGRO_I/aa/i2c_master_0/clk_IBUF_BUFG
    SLICE_X46Y93         FDRE                                         r  PMOD_HYGRO_I/aa/i2c_master_0/addr_rw_reg[0]/C

Slack:                    inf
  Source:                 reset
                            (input port)
  Destination:            PMOD_HYGRO_I/aa/i2c_master_0/data_tx_reg[1]/D
                            (rising edge-triggered cell FDRE clocked by sys_clk_pin  {rise@0.000ns fall@5.000ns period=10.000ns})
  Path Group:             (none)
  Path Type:              Setup (Max at Slow Process Corner)
  Data Path Delay:        7.794ns  (logic 1.726ns (22.139%)  route 6.069ns (77.861%))
  Logic Levels:           3  (IBUF=1 LUT3=1 LUT6=1)
  Clock Path Skew:        4.936ns (DCD - SCD + CPR)
    Destination Clock Delay (DCD):    4.936ns
    Source Clock Delay      (SCD):    0.000ns
    Clock Pessimism Removal (CPR):    0.000ns
  Clock Uncertainty:      0.025ns  ((TSJ^2 + TIJ^2)^1/2 + DJ) / 2 + PE
    Total System Jitter     (TSJ):    0.050ns
    Total Input Jitter      (TIJ):    0.000ns
    Discrete Jitter          (DJ):    0.000ns
    Phase Error              (PE):    0.000ns

    Location             Delay type                Incr(ns)  Path(ns)    Netlist Resource(s)
  -------------------------------------------------------------------    -------------------
    J15                                               0.000     0.000 f  reset (IN)
                         net (fo=0)                   0.000     0.000    reset
    J15                  IBUF (Prop_ibuf_I_O)         1.478     1.478 f  reset_IBUF_inst/O
                         net (fo=177, routed)         5.749     7.226    PMOD_HYGRO_I/aa/i2c_master_0/reset_IBUF
    SLICE_X45Y93         LUT6 (Prop_lut6_I5_O)        0.124     7.350 r  PMOD_HYGRO_I/aa/i2c_master_0/data_tx[2]_i_2/O
                         net (fo=3, routed)           0.320     7.670    PMOD_HYGRO_I/aa/i2c_master_0/addr_rw0
    SLICE_X46Y93         LUT3 (Prop_lut3_I1_O)        0.124     7.794 r  PMOD_HYGRO_I/aa/i2c_master_0/data_tx[1]_i_1/O
                         net (fo=1, routed)           0.000     7.794    PMOD_HYGRO_I/aa/i2c_master_0/data_tx[1]_i_1_n_0
    SLICE_X46Y93         FDRE                                         r  PMOD_HYGRO_I/aa/i2c_master_0/data_tx_reg[1]/D
  -------------------------------------------------------------------    -------------------

                         (clock sys_clk_pin rise edge)
                                                      0.000     0.000 r  
    E3                                                0.000     0.000 r  clk (IN)
                         net (fo=0)                   0.000     0.000    clk
    E3                   IBUF (Prop_ibuf_I_O)         1.411     1.411 r  clk_IBUF_inst/O
                         net (fo=1, routed)           1.920     3.331    clk_IBUF
    BUFGCTRL_X0Y16       BUFG (Prop_bufg_I_O)         0.091     3.422 r  clk_IBUF_BUFG_inst/O
                         net (fo=463, routed)         1.513     4.936    PMOD_HYGRO_I/aa/i2c_master_0/clk_IBUF_BUFG
    SLICE_X46Y93         FDRE                                         r  PMOD_HYGRO_I/aa/i2c_master_0/data_tx_reg[1]/C

Slack:                    inf
  Source:                 reset
                            (input port)
  Destination:            WRITE_CONTROL_I/NUMBER_reg[2]/D
                            (rising edge-triggered cell FDRE clocked by sys_clk_pin  {rise@0.000ns fall@5.000ns period=10.000ns})
  Path Group:             (none)
  Path Type:              Setup (Max at Slow Process Corner)
  Data Path Delay:        7.601ns  (logic 1.974ns (25.966%)  route 5.627ns (74.034%))
  Logic Levels:           5  (IBUF=1 LUT2=1 LUT5=1 LUT6=2)
  Clock Path Skew:        4.943ns (DCD - SCD + CPR)
    Destination Clock Delay (DCD):    4.943ns
    Source Clock Delay      (SCD):    0.000ns
    Clock Pessimism Removal (CPR):    0.000ns
  Clock Uncertainty:      0.025ns  ((TSJ^2 + TIJ^2)^1/2 + DJ) / 2 + PE
    Total System Jitter     (TSJ):    0.050ns
    Total Input Jitter      (TIJ):    0.000ns
    Discrete Jitter          (DJ):    0.000ns
    Phase Error              (PE):    0.000ns

    Location             Delay type                Incr(ns)  Path(ns)    Netlist Resource(s)
  -------------------------------------------------------------------    -------------------
    J15                                               0.000     0.000 r  reset (IN)
                         net (fo=0)                   0.000     0.000    reset
    J15                  IBUF (Prop_ibuf_I_O)         1.478     1.478 r  reset_IBUF_inst/O
                         net (fo=177, routed)         1.957     3.434    WRITE_CONTROL_I/reset_IBUF
    SLICE_X12Y99         LUT2 (Prop_lut2_I1_O)        0.124     3.558 r  WRITE_CONTROL_I/count_aux[5]_i_6/O
                         net (fo=37, routed)          0.996     4.554    WRITE_CONTROL_I/count[0]_i_1_n_0
    SLICE_X12Y93         LUT6 (Prop_lut6_I5_O)        0.124     4.678 r  WRITE_CONTROL_I/NUMBER[0]_i_5/O
                         net (fo=9, routed)           1.737     6.415    WRITE_CONTROL_I/NUMBER[0]_i_5_n_0
    SLICE_X31Y87         LUT5 (Prop_lut5_I3_O)        0.124     6.539 r  WRITE_CONTROL_I/NUMBER[2]_i_3_comp_2/O
                         net (fo=1, routed)           0.938     7.477    WRITE_CONTROL_I/NUMBER[2]_i_3_n_0_repN
    SLICE_X14Y87         LUT6 (Prop_lut6_I5_O)        0.124     7.601 r  WRITE_CONTROL_I/NUMBER[2]_i_1_comp/O
                         net (fo=1, routed)           0.000     7.601    WRITE_CONTROL_I/NUMBER[2]_i_1_n_0
    SLICE_X14Y87         FDRE                                         r  WRITE_CONTROL_I/NUMBER_reg[2]/D
  -------------------------------------------------------------------    -------------------

                         (clock sys_clk_pin rise edge)
                                                      0.000     0.000 r  
    E3                                                0.000     0.000 r  clk (IN)
                         net (fo=0)                   0.000     0.000    clk
    E3                   IBUF (Prop_ibuf_I_O)         1.411     1.411 r  clk_IBUF_inst/O
                         net (fo=1, routed)           1.920     3.331    clk_IBUF
    BUFGCTRL_X0Y16       BUFG (Prop_bufg_I_O)         0.091     3.422 r  clk_IBUF_BUFG_inst/O
                         net (fo=463, routed)         1.520     4.943    WRITE_CONTROL_I/clk_IBUF_BUFG
    SLICE_X14Y87         FDRE                                         r  WRITE_CONTROL_I/NUMBER_reg[2]/C

Slack:                    inf
  Source:                 reset
                            (input port)
  Destination:            PMOD_HYGRO_I/aa/i2c_master_0/data_rx_reg[6]/D
                            (rising edge-triggered cell FDRE clocked by sys_clk_pin  {rise@0.000ns fall@5.000ns period=10.000ns})
  Path Group:             (none)
  Path Type:              Setup (Max at Slow Process Corner)
  Data Path Delay:        7.440ns  (logic 1.952ns (26.230%)  route 5.489ns (73.770%))
  Logic Levels:           3  (IBUF=1 LUT4=1 LUT6=1)
  Clock Path Skew:        4.940ns (DCD - SCD + CPR)
    Destination Clock Delay (DCD):    4.940ns
    Source Clock Delay      (SCD):    0.000ns
    Clock Pessimism Removal (CPR):    0.000ns
  Clock Uncertainty:      0.025ns  ((TSJ^2 + TIJ^2)^1/2 + DJ) / 2 + PE
    Total System Jitter     (TSJ):    0.050ns
    Total Input Jitter      (TIJ):    0.000ns
    Discrete Jitter          (DJ):    0.000ns
    Phase Error              (PE):    0.000ns

    Location             Delay type                Incr(ns)  Path(ns)    Netlist Resource(s)
  -------------------------------------------------------------------    -------------------
    J15                                               0.000     0.000 f  reset (IN)
                         net (fo=0)                   0.000     0.000    reset
    J15                  IBUF (Prop_ibuf_I_O)         1.478     1.478 f  reset_IBUF_inst/O
                         net (fo=177, routed)         4.609     6.086    PMOD_HYGRO_I/aa/i2c_master_0/reset_IBUF
    SLICE_X42Y92         LUT4 (Prop_lut4_I3_O)        0.146     6.232 r  PMOD_HYGRO_I/aa/i2c_master_0/data_rx[7]_i_2/O
                         net (fo=8, routed)           0.880     7.112    PMOD_HYGRO_I/aa/i2c_master_0/data_rx[7]_i_2_n_0
    SLICE_X38Y92         LUT6 (Prop_lut6_I3_O)        0.328     7.440 r  PMOD_HYGRO_I/aa/i2c_master_0/data_rx[6]_i_1/O
                         net (fo=1, routed)           0.000     7.440    PMOD_HYGRO_I/aa/i2c_master_0/data_rx[6]_i_1_n_0
    SLICE_X38Y92         FDRE                                         r  PMOD_HYGRO_I/aa/i2c_master_0/data_rx_reg[6]/D
  -------------------------------------------------------------------    -------------------

                         (clock sys_clk_pin rise edge)
                                                      0.000     0.000 r  
    E3                                                0.000     0.000 r  clk (IN)
                         net (fo=0)                   0.000     0.000    clk
    E3                   IBUF (Prop_ibuf_I_O)         1.411     1.411 r  clk_IBUF_inst/O
                         net (fo=1, routed)           1.920     3.331    clk_IBUF
    BUFGCTRL_X0Y16       BUFG (Prop_bufg_I_O)         0.091     3.422 r  clk_IBUF_BUFG_inst/O
                         net (fo=463, routed)         1.517     4.940    PMOD_HYGRO_I/aa/i2c_master_0/clk_IBUF_BUFG
    SLICE_X38Y92         FDRE                                         r  PMOD_HYGRO_I/aa/i2c_master_0/data_rx_reg[6]/C





Min Delay Paths
--------------------------------------------------------------------------------------
Slack:                    inf
  Source:                 reset
                            (input port)
  Destination:            ECRAN/PMOD_CS_reg/S
                            (rising edge-triggered cell FDSE clocked by sys_clk_pin  {rise@0.000ns fall@5.000ns period=10.000ns})
  Path Group:             (none)
  Path Type:              Hold (Min at Fast Process Corner)
  Data Path Delay:        0.810ns  (logic 0.245ns (30.293%)  route 0.565ns (69.707%))
  Logic Levels:           1  (IBUF=1)
  Clock Path Skew:        2.041ns (DCD - SCD - CPR)
    Destination Clock Delay (DCD):    2.041ns
    Source Clock Delay      (SCD):    0.000ns
    Clock Pessimism Removal (CPR):    -0.000ns

    Location             Delay type                Incr(ns)  Path(ns)    Netlist Resource(s)
  -------------------------------------------------------------------    -------------------
    J15                                               0.000     0.000 r  reset (IN)
                         net (fo=0)                   0.000     0.000    reset
    J15                  IBUF (Prop_ibuf_I_O)         0.245     0.245 r  reset_IBUF_inst/O
                         net (fo=177, routed)         0.565     0.810    ECRAN/reset_IBUF
    SLICE_X0Y92          FDSE                                         r  ECRAN/PMOD_CS_reg/S
  -------------------------------------------------------------------    -------------------

                         (clock sys_clk_pin rise edge)
                                                      0.000     0.000 r  
    E3                                                0.000     0.000 r  clk (IN)
                         net (fo=0)                   0.000     0.000    clk
    E3                   IBUF (Prop_ibuf_I_O)         0.438     0.438 r  clk_IBUF_inst/O
                         net (fo=1, routed)           0.699     1.136    clk_IBUF
    BUFGCTRL_X0Y16       BUFG (Prop_bufg_I_O)         0.029     1.165 r  clk_IBUF_BUFG_inst/O
                         net (fo=463, routed)         0.876     2.041    ECRAN/clk_IBUF_BUFG
    SLICE_X0Y92          FDSE                                         r  ECRAN/PMOD_CS_reg/C

Slack:                    inf
  Source:                 SPI_MISO
                            (input port)
  Destination:            LUMINOSITE/top_ALS/UUT/shift_reg_reg[0]/D
                            (rising edge-triggered cell FDRE clocked by sys_clk_pin  {rise@0.000ns fall@5.000ns period=10.000ns})
  Path Group:             (none)
  Path Type:              Hold (Min at Fast Process Corner)
  Data Path Delay:        0.825ns  (logic 0.230ns (27.830%)  route 0.596ns (72.170%))
  Logic Levels:           1  (IBUF=1)
  Clock Path Skew:        2.032ns (DCD - SCD - CPR)
    Destination Clock Delay (DCD):    2.032ns
    Source Clock Delay      (SCD):    0.000ns
    Clock Pessimism Removal (CPR):    -0.000ns

    Location             Delay type                Incr(ns)  Path(ns)    Netlist Resource(s)
  -------------------------------------------------------------------    -------------------
    J4                                                0.000     0.000 r  SPI_MISO (IN)
                         net (fo=0)                   0.000     0.000    SPI_MISO
    J4                   IBUF (Prop_ibuf_I_O)         0.230     0.230 r  SPI_MISO_IBUF_inst/O
                         net (fo=1, routed)           0.596     0.825    LUMINOSITE/top_ALS/UUT/D[0]
    SLICE_X85Y136        FDRE                                         r  LUMINOSITE/top_ALS/UUT/shift_reg_reg[0]/D
  -------------------------------------------------------------------    -------------------

                         (clock sys_clk_pin rise edge)
                                                      0.000     0.000 r  
    E3                                                0.000     0.000 r  clk (IN)
                         net (fo=0)                   0.000     0.000    clk
    E3                   IBUF (Prop_ibuf_I_O)         0.438     0.438 r  clk_IBUF_inst/O
                         net (fo=1, routed)           0.699     1.136    clk_IBUF
    BUFGCTRL_X0Y16       BUFG (Prop_bufg_I_O)         0.029     1.165 r  clk_IBUF_BUFG_inst/O
                         net (fo=463, routed)         0.866     2.032    LUMINOSITE/top_ALS/UUT/clk_IBUF_BUFG
    SLICE_X85Y136        FDRE                                         r  LUMINOSITE/top_ALS/UUT/shift_reg_reg[0]/C

Slack:                    inf
  Source:                 reset
                            (input port)
  Destination:            WRITE_CONTROL_I/addr_display_reg[0]/D
                            (rising edge-triggered cell FDRE clocked by sys_clk_pin  {rise@0.000ns fall@5.000ns period=10.000ns})
  Path Group:             (none)
  Path Type:              Hold (Min at Fast Process Corner)
  Data Path Delay:        1.056ns  (logic 0.290ns (27.506%)  route 0.765ns (72.494%))
  Logic Levels:           2  (IBUF=1 LUT6=1)
  Clock Path Skew:        2.011ns (DCD - SCD - CPR)
    Destination Clock Delay (DCD):    2.011ns
    Source Clock Delay      (SCD):    0.000ns
    Clock Pessimism Removal (CPR):    -0.000ns

    Location             Delay type                Incr(ns)  Path(ns)    Netlist Resource(s)
  -------------------------------------------------------------------    -------------------
    J15                                               0.000     0.000 f  reset (IN)
                         net (fo=0)                   0.000     0.000    reset
    J15                  IBUF (Prop_ibuf_I_O)         0.245     0.245 f  reset_IBUF_inst/O
                         net (fo=177, routed)         0.765     1.011    WRITE_CONTROL_I/reset_IBUF
    SLICE_X11Y95         LUT6 (Prop_lut6_I5_O)        0.045     1.056 r  WRITE_CONTROL_I/addr_display[0]_i_1/O
                         net (fo=1, routed)           0.000     1.056    WRITE_CONTROL_I/addr_display[0]_i_1_n_0
    SLICE_X11Y95         FDRE                                         r  WRITE_CONTROL_I/addr_display_reg[0]/D
  -------------------------------------------------------------------    -------------------

                         (clock sys_clk_pin rise edge)
                                                      0.000     0.000 r  
    E3                                                0.000     0.000 r  clk (IN)
                         net (fo=0)                   0.000     0.000    clk
    E3                   IBUF (Prop_ibuf_I_O)         0.438     0.438 r  clk_IBUF_inst/O
                         net (fo=1, routed)           0.699     1.136    clk_IBUF
    BUFGCTRL_X0Y16       BUFG (Prop_bufg_I_O)         0.029     1.165 r  clk_IBUF_BUFG_inst/O
                         net (fo=463, routed)         0.846     2.011    WRITE_CONTROL_I/clk_IBUF_BUFG
    SLICE_X11Y95         FDRE                                         r  WRITE_CONTROL_I/addr_display_reg[0]/C

Slack:                    inf
  Source:                 reset
                            (input port)
  Destination:            WRITE_CONTROL_I/addr_display_reg[6]/D
                            (rising edge-triggered cell FDRE clocked by sys_clk_pin  {rise@0.000ns fall@5.000ns period=10.000ns})
  Path Group:             (none)
  Path Type:              Hold (Min at Fast Process Corner)
  Data Path Delay:        1.205ns  (logic 0.335ns (27.828%)  route 0.870ns (72.172%))
  Logic Levels:           3  (IBUF=1 LUT5=1 LUT6=1)
  Clock Path Skew:        2.006ns (DCD - SCD - CPR)
    Destination Clock Delay (DCD):    2.006ns
    Source Clock Delay      (SCD):    0.000ns
    Clock Pessimism Removal (CPR):    -0.000ns

    Location             Delay type                Incr(ns)  Path(ns)    Netlist Resource(s)
  -------------------------------------------------------------------    -------------------
    J15                                               0.000     0.000 f  reset (IN)
                         net (fo=0)                   0.000     0.000    reset
    J15                  IBUF (Prop_ibuf_I_O)         0.245     0.245 f  reset_IBUF_inst/O
                         net (fo=177, routed)         0.743     0.988    WRITE_CONTROL_I/reset_IBUF
    SLICE_X11Y100        LUT6 (Prop_lut6_I5_O)        0.045     1.033 f  WRITE_CONTROL_I/addr_display[6]_i_4/O
                         net (fo=1, routed)           0.127     1.160    WRITE_CONTROL_I/addr_display[6]_i_4_n_0
    SLICE_X11Y100        LUT5 (Prop_lut5_I4_O)        0.045     1.205 r  WRITE_CONTROL_I/addr_display[6]_i_1/O
                         net (fo=1, routed)           0.000     1.205    WRITE_CONTROL_I/addr_display[6]_i_1_n_0
    SLICE_X11Y100        FDRE                                         r  WRITE_CONTROL_I/addr_display_reg[6]/D
  -------------------------------------------------------------------    -------------------

                         (clock sys_clk_pin rise edge)
                                                      0.000     0.000 r  
    E3                                                0.000     0.000 r  clk (IN)
                         net (fo=0)                   0.000     0.000    clk
    E3                   IBUF (Prop_ibuf_I_O)         0.438     0.438 r  clk_IBUF_inst/O
                         net (fo=1, routed)           0.699     1.136    clk_IBUF
    BUFGCTRL_X0Y16       BUFG (Prop_bufg_I_O)         0.029     1.165 r  clk_IBUF_BUFG_inst/O
                         net (fo=463, routed)         0.841     2.006    WRITE_CONTROL_I/clk_IBUF_BUFG
    SLICE_X11Y100        FDRE                                         r  WRITE_CONTROL_I/addr_display_reg[6]/C

Slack:                    inf
  Source:                 reset
                            (input port)
  Destination:            WRITE_CONTROL_I/WE_display_reg/D
                            (rising edge-triggered cell FDRE clocked by sys_clk_pin  {rise@0.000ns fall@5.000ns period=10.000ns})
  Path Group:             (none)
  Path Type:              Hold (Min at Fast Process Corner)
  Data Path Delay:        1.279ns  (logic 0.290ns (22.717%)  route 0.988ns (77.283%))
  Logic Levels:           2  (IBUF=1 LUT2=1)
  Clock Path Skew:        2.011ns (DCD - SCD - CPR)
    Destination Clock Delay (DCD):    2.011ns
    Source Clock Delay      (SCD):    0.000ns
    Clock Pessimism Removal (CPR):    -0.000ns

    Location             Delay type                Incr(ns)  Path(ns)    Netlist Resource(s)
  -------------------------------------------------------------------    -------------------
    J15                                               0.000     0.000 f  reset (IN)
                         net (fo=0)                   0.000     0.000    reset
    J15                  IBUF (Prop_ibuf_I_O)         0.245     0.245 f  reset_IBUF_inst/O
                         net (fo=177, routed)         0.988     1.234    WRITE_CONTROL_I/reset_IBUF
    SLICE_X14Y93         LUT2 (Prop_lut2_I1_O)        0.045     1.279 r  WRITE_CONTROL_I/WE_display_i_1/O
                         net (fo=1, routed)           0.000     1.279    WRITE_CONTROL_I/WE_display_i_1_n_0
    SLICE_X14Y93         FDRE                                         r  WRITE_CONTROL_I/WE_display_reg/D
  -------------------------------------------------------------------    -------------------

                         (clock sys_clk_pin rise edge)
                                                      0.000     0.000 r  
    E3                                                0.000     0.000 r  clk (IN)
                         net (fo=0)                   0.000     0.000    clk
    E3                   IBUF (Prop_ibuf_I_O)         0.438     0.438 r  clk_IBUF_inst/O
                         net (fo=1, routed)           0.699     1.136    clk_IBUF
    BUFGCTRL_X0Y16       BUFG (Prop_bufg_I_O)         0.029     1.165 r  clk_IBUF_BUFG_inst/O
                         net (fo=463, routed)         0.846     2.011    WRITE_CONTROL_I/clk_IBUF_BUFG
    SLICE_X14Y93         FDRE                                         r  WRITE_CONTROL_I/WE_display_reg/C

Slack:                    inf
  Source:                 reset
                            (input port)
  Destination:            WRITE_CONTROL_I/flag_write_reg/D
                            (rising edge-triggered cell FDRE clocked by sys_clk_pin  {rise@0.000ns fall@5.000ns period=10.000ns})
  Path Group:             (none)
  Path Type:              Hold (Min at Fast Process Corner)
  Data Path Delay:        1.280ns  (logic 0.291ns (22.777%)  route 0.988ns (77.223%))
  Logic Levels:           2  (IBUF=1 LUT4=1)
  Clock Path Skew:        2.011ns (DCD - SCD - CPR)
    Destination Clock Delay (DCD):    2.011ns
    Source Clock Delay      (SCD):    0.000ns
    Clock Pessimism Removal (CPR):    -0.000ns

    Location             Delay type                Incr(ns)  Path(ns)    Netlist Resource(s)
  -------------------------------------------------------------------    -------------------
    J15                                               0.000     0.000 f  reset (IN)
                         net (fo=0)                   0.000     0.000    reset
    J15                  IBUF (Prop_ibuf_I_O)         0.245     0.245 f  reset_IBUF_inst/O
                         net (fo=177, routed)         0.988     1.234    WRITE_CONTROL_I/reset_IBUF
    SLICE_X14Y93         LUT4 (Prop_lut4_I3_O)        0.046     1.280 r  WRITE_CONTROL_I/flag_write_i_1/O
                         net (fo=1, routed)           0.000     1.280    WRITE_CONTROL_I/flag_write_i_1_n_0
    SLICE_X14Y93         FDRE                                         r  WRITE_CONTROL_I/flag_write_reg/D
  -------------------------------------------------------------------    -------------------

                         (clock sys_clk_pin rise edge)
                                                      0.000     0.000 r  
    E3                                                0.000     0.000 r  clk (IN)
                         net (fo=0)                   0.000     0.000    clk
    E3                   IBUF (Prop_ibuf_I_O)         0.438     0.438 r  clk_IBUF_inst/O
                         net (fo=1, routed)           0.699     1.136    clk_IBUF
    BUFGCTRL_X0Y16       BUFG (Prop_bufg_I_O)         0.029     1.165 r  clk_IBUF_BUFG_inst/O
                         net (fo=463, routed)         0.846     2.011    WRITE_CONTROL_I/clk_IBUF_BUFG
    SLICE_X14Y93         FDRE                                         r  WRITE_CONTROL_I/flag_write_reg/C

Slack:                    inf
  Source:                 reset
                            (input port)
  Destination:            WRITE_CONTROL_I/addr_display_reg[5]/R
                            (rising edge-triggered cell FDRE clocked by sys_clk_pin  {rise@0.000ns fall@5.000ns period=10.000ns})
  Path Group:             (none)
  Path Type:              Hold (Min at Fast Process Corner)
  Data Path Delay:        1.332ns  (logic 0.288ns (21.657%)  route 1.043ns (78.343%))
  Logic Levels:           2  (IBUF=1 LUT3=1)
  Clock Path Skew:        2.012ns (DCD - SCD - CPR)
    Destination Clock Delay (DCD):    2.012ns
    Source Clock Delay      (SCD):    0.000ns
    Clock Pessimism Removal (CPR):    -0.000ns

    Location             Delay type                Incr(ns)  Path(ns)    Netlist Resource(s)
  -------------------------------------------------------------------    -------------------
    J15                                               0.000     0.000 r  reset (IN)
                         net (fo=0)                   0.000     0.000    reset
    J15                  IBUF (Prop_ibuf_I_O)         0.245     0.245 r  reset_IBUF_inst/O
                         net (fo=177, routed)         0.843     1.088    WRITE_CONTROL_I/reset_IBUF
    SLICE_X12Y99         LUT3 (Prop_lut3_I2_O)        0.043     1.131 r  WRITE_CONTROL_I/addr_display[8]_i_1/O
                         net (fo=2, routed)           0.201     1.332    WRITE_CONTROL_I/addr_display[8]_i_1_n_0
    SLICE_X11Y99         FDRE                                         r  WRITE_CONTROL_I/addr_display_reg[5]/R
  -------------------------------------------------------------------    -------------------

                         (clock sys_clk_pin rise edge)
                                                      0.000     0.000 r  
    E3                                                0.000     0.000 r  clk (IN)
                         net (fo=0)                   0.000     0.000    clk
    E3                   IBUF (Prop_ibuf_I_O)         0.438     0.438 r  clk_IBUF_inst/O
                         net (fo=1, routed)           0.699     1.136    clk_IBUF
    BUFGCTRL_X0Y16       BUFG (Prop_bufg_I_O)         0.029     1.165 r  clk_IBUF_BUFG_inst/O
                         net (fo=463, routed)         0.847     2.012    WRITE_CONTROL_I/clk_IBUF_BUFG
    SLICE_X11Y99         FDRE                                         r  WRITE_CONTROL_I/addr_display_reg[5]/C

Slack:                    inf
  Source:                 reset
                            (input port)
  Destination:            WRITE_CONTROL_I/addr_display_reg[8]/R
                            (rising edge-triggered cell FDRE clocked by sys_clk_pin  {rise@0.000ns fall@5.000ns period=10.000ns})
  Path Group:             (none)
  Path Type:              Hold (Min at Fast Process Corner)
  Data Path Delay:        1.332ns  (logic 0.288ns (21.657%)  route 1.043ns (78.343%))
  Logic Levels:           2  (IBUF=1 LUT3=1)
  Clock Path Skew:        2.012ns (DCD - SCD - CPR)
    Destination Clock Delay (DCD):    2.012ns
    Source Clock Delay      (SCD):    0.000ns
    Clock Pessimism Removal (CPR):    -0.000ns

    Location             Delay type                Incr(ns)  Path(ns)    Netlist Resource(s)
  -------------------------------------------------------------------    -------------------
    J15                                               0.000     0.000 r  reset (IN)
                         net (fo=0)                   0.000     0.000    reset
    J15                  IBUF (Prop_ibuf_I_O)         0.245     0.245 r  reset_IBUF_inst/O
                         net (fo=177, routed)         0.843     1.088    WRITE_CONTROL_I/reset_IBUF
    SLICE_X12Y99         LUT3 (Prop_lut3_I2_O)        0.043     1.131 r  WRITE_CONTROL_I/addr_display[8]_i_1/O
                         net (fo=2, routed)           0.201     1.332    WRITE_CONTROL_I/addr_display[8]_i_1_n_0
    SLICE_X11Y99         FDRE                                         r  WRITE_CONTROL_I/addr_display_reg[8]/R
  -------------------------------------------------------------------    -------------------

                         (clock sys_clk_pin rise edge)
                                                      0.000     0.000 r  
    E3                                                0.000     0.000 r  clk (IN)
                         net (fo=0)                   0.000     0.000    clk
    E3                   IBUF (Prop_ibuf_I_O)         0.438     0.438 r  clk_IBUF_inst/O
                         net (fo=1, routed)           0.699     1.136    clk_IBUF
    BUFGCTRL_X0Y16       BUFG (Prop_bufg_I_O)         0.029     1.165 r  clk_IBUF_BUFG_inst/O
                         net (fo=463, routed)         0.847     2.012    WRITE_CONTROL_I/clk_IBUF_BUFG
    SLICE_X11Y99         FDRE                                         r  WRITE_CONTROL_I/addr_display_reg[8]/C

Slack:                    inf
  Source:                 reset
                            (input port)
  Destination:            WRITE_CONTROL_I/addr_display_reg[4]/D
                            (rising edge-triggered cell FDRE clocked by sys_clk_pin  {rise@0.000ns fall@5.000ns period=10.000ns})
  Path Group:             (none)
  Path Type:              Hold (Min at Fast Process Corner)
  Data Path Delay:        1.354ns  (logic 0.290ns (21.457%)  route 1.063ns (78.543%))
  Logic Levels:           2  (IBUF=1 LUT6=1)
  Clock Path Skew:        2.006ns (DCD - SCD - CPR)
    Destination Clock Delay (DCD):    2.006ns
    Source Clock Delay      (SCD):    0.000ns
    Clock Pessimism Removal (CPR):    -0.000ns

    Location             Delay type                Incr(ns)  Path(ns)    Netlist Resource(s)
  -------------------------------------------------------------------    -------------------
    J15                                               0.000     0.000 f  reset (IN)
                         net (fo=0)                   0.000     0.000    reset
    J15                  IBUF (Prop_ibuf_I_O)         0.245     0.245 f  reset_IBUF_inst/O
                         net (fo=177, routed)         1.063     1.309    WRITE_CONTROL_I/reset_IBUF
    SLICE_X10Y100        LUT6 (Prop_lut6_I4_O)        0.045     1.354 r  WRITE_CONTROL_I/addr_display[4]_i_1/O
                         net (fo=1, routed)           0.000     1.354    WRITE_CONTROL_I/addr_display[4]_i_1_n_0
    SLICE_X10Y100        FDRE                                         r  WRITE_CONTROL_I/addr_display_reg[4]/D
  -------------------------------------------------------------------    -------------------

                         (clock sys_clk_pin rise edge)
                                                      0.000     0.000 r  
    E3                                                0.000     0.000 r  clk (IN)
                         net (fo=0)                   0.000     0.000    clk
    E3                   IBUF (Prop_ibuf_I_O)         0.438     0.438 r  clk_IBUF_inst/O
                         net (fo=1, routed)           0.699     1.136    clk_IBUF
    BUFGCTRL_X0Y16       BUFG (Prop_bufg_I_O)         0.029     1.165 r  clk_IBUF_BUFG_inst/O
                         net (fo=463, routed)         0.841     2.006    WRITE_CONTROL_I/clk_IBUF_BUFG
    SLICE_X10Y100        FDRE                                         r  WRITE_CONTROL_I/addr_display_reg[4]/C

Slack:                    inf
  Source:                 reset
                            (input port)
  Destination:            WRITE_CONTROL_I/count_reg[24]/R
                            (rising edge-triggered cell FDRE clocked by sys_clk_pin  {rise@0.000ns fall@5.000ns period=10.000ns})
  Path Group:             (none)
  Path Type:              Hold (Min at Fast Process Corner)
  Data Path Delay:        1.362ns  (logic 0.290ns (21.326%)  route 1.071ns (78.674%))
  Logic Levels:           2  (IBUF=1 LUT2=1)
  Clock Path Skew:        2.012ns (DCD - SCD - CPR)
    Destination Clock Delay (DCD):    2.012ns
    Source Clock Delay      (SCD):    0.000ns
    Clock Pessimism Removal (CPR):    -0.000ns

    Location             Delay type                Incr(ns)  Path(ns)    Netlist Resource(s)
  -------------------------------------------------------------------    -------------------
    J15                                               0.000     0.000 r  reset (IN)
                         net (fo=0)                   0.000     0.000    reset
    J15                  IBUF (Prop_ibuf_I_O)         0.245     0.245 r  reset_IBUF_inst/O
                         net (fo=177, routed)         0.843     1.088    WRITE_CONTROL_I/reset_IBUF
    SLICE_X12Y99         LUT2 (Prop_lut2_I1_O)        0.045     1.133 r  WRITE_CONTROL_I/count_aux[5]_i_6/O
                         net (fo=37, routed)          0.229     1.362    WRITE_CONTROL_I/count[0]_i_1_n_0
    SLICE_X13Y97         FDRE                                         r  WRITE_CONTROL_I/count_reg[24]/R
  -------------------------------------------------------------------    -------------------

                         (clock sys_clk_pin rise edge)
                                                      0.000     0.000 r  
    E3                                                0.000     0.000 r  clk (IN)
                         net (fo=0)                   0.000     0.000    clk
    E3                   IBUF (Prop_ibuf_I_O)         0.438     0.438 r  clk_IBUF_inst/O
                         net (fo=1, routed)           0.699     1.136    clk_IBUF
    BUFGCTRL_X0Y16       BUFG (Prop_bufg_I_O)         0.029     1.165 r  clk_IBUF_BUFG_inst/O
                         net (fo=463, routed)         0.847     2.012    WRITE_CONTROL_I/clk_IBUF_BUFG
    SLICE_X13Y97         FDRE                                         r  WRITE_CONTROL_I/count_reg[24]/C





